Codigo_Mat;Denominacion Material;Centro;Almacen;C-B;LibreUt;Calidad;Bloqueado;Hora;Categoría;Marca;Grupo;Sector;TextAlm;TextCent
40000301;PREFORMAS TRANSPARENTE 39,31G (PCO) ACT 26041;1300;2003;PZA;69.899,20;0,000;0,000;13.03.2026 - 08:15:00;PREFORMAS;Long Finish;PP-Preforma;Preformas;2003-Semiterminados;1300-Proyectos PET
40000327;PREFORMAS TRANSPARENTE 43,9 G (PCO) ACT 26041;1300;2003;PZA;51.996,63;0,000;0,000;13.03.2026 - 08:15:00;PREFORMAS;;;Preformas;2003-Semiterminados;1300-Proyectos PET
40000565;PREFORMAS 52 GR POLAR AMBAR;1300;2000;PZA;6713,00;0,000;0,000;20.02.2026 - 22:03:45;PREFORMAS;Long Finish;PP-Preforma;Preformas;2000-Producción;1300-Proyectos PET
70000021;BOTELLAS GENERICA 500 ML (23);1300;3000;PAL;1,00;0,000;0,000;20.02.2026 - 22:03:45;ENVASES PT;Jugos;PP-Botella;Botellas;3000-ProdTerminado WM;1300-Proyectos PET
70000026;BOTELLAS LICOR 0,350 L (23);1300;3000;PAL;2,91;0,000;0,000;20.02.2026 - 22:03:45;ENVASES PT;Licores;PP-Botella;Botellas;3000-ProdTerminado WM;1300-Proyectos PET
70000115;PREFORMAS TRANSPARENTE 34,000 G (PCO);1300;3000;PZA;4584,00;0,000;0,000;20.02.2026 - 22:03:45;PREFORMAS;Long Finish;PP-Preforma;Preformas;3000-ProdTerminado WM;1300-Proyectos PET
70000138;PREFORMAS TRANSPARENTE 56,000 G;1300;3000;PZA;64284,00;0,000;0,000;20.02.2026 - 22:03:45;PREFORMAS;Long Finish;PP-Preforma;Preformas;3000-ProdTerminado WM;1300-Proyectos PET
70000193;PREFORMAS TRANSPARENTE 38,05 GR;1300;2000;PZA;9424,00;0,000;0,000;20.02.2026 - 22:03:45;PREFORMAS;Short Finish;PP-Preforma;Preformas;2000-Producción;1300-Proyectos PET
70000194;PREFORMAS TRANSPARENTE 11,86 GR;1300;3000;PZA;59163,00;0,000;0,000;20.02.2026 - 22:03:45;PREFORMAS;Short Finish;PP-Preforma;Preformas;3000-ProdTerminado WM;1300-Proyectos PET
70000196;PREFORMAS TRANSPARENTE 15,28 GR;1300;3000;PZA;52833,00;0,000;0,000;20.02.2026 - 22:03:45;PREFORMAS;Short Finish;PP-Preforma;Preformas;3000-ProdTerminado WM;1300-Proyectos PET
70000197;PREFORMAS TRANSPARENTE 42,64 GR(PCO1881);1300;3000;PZA;380568,00;0,000;0,000;20.02.2026 - 22:03:45;PREFORMAS;Short Finish;PP-Preforma;Preformas;3000-ProdTerminado WM;1300-Proyectos PET
70000252;PREFORMAS TRANSPARENTE 30,86GR (PCO1810);1300;2000;PZA;0,00;29163,000;0,000;20.02.2026 - 22:03:45;PREFORMAS;Long Finish;PP-Preforma;Preformas;2000-Producción;1300-Proyectos PET
70000255;PREFORMAS TRANSPARENTE 17,82GRS;1300;2000;PZA;100,00;0,000;0,000;20.02.2026 - 22:03:45;PREFORMAS;Long Finish;PP-Preforma;Preformas;2000-Producción;1300-Proyectos PET
70000255;PREFORMAS TRANSPARENTE 17,82GRS;1300;3000;PZA;445536,00;0,000;0,000;20.02.2026 - 22:03:45;PREFORMAS;Long Finish;PP-Preforma;Preformas;3000-ProdTerminado WM;1300-Proyectos PET
70000260;PREFORMAS TRANSPARENTE 39,31GRS;1300;2001;PZA;9158,00;0,000;0,000;20.02.2026 - 22:03:45;PREFORMAS;Long Finish;PP-Preforma;Preformas;2001-Retenido;1300-Proyectos PET
70000260;PREFORMAS TRANSPARENTE 39,31GRS;1300;3000;PZA;116430,00;0,000;0,000;20.02.2026 - 22:03:45;PREFORMAS;Long Finish;PP-Preforma;Preformas;3000-ProdTerminado WM;1300-Proyectos PET
70000265;BOTELLAS TRANSPARENTE AGUA 1,500 (30,86);1300;3000;PAL;52,00;0,000;0,000;20.02.2026 - 22:03:45;ENVASES PT;Agua;PP-Botella;Botellas;3000-ProdTerminado WM;1300-Proyectos PET
70000266;BOTELLAS TRANSPARENTE AGUA 0,500 (17,82);1300;3000;PAL;75,00;0,000;0,000;20.02.2026 - 22:03:45;ENVASES PT;Agua;PP-Botella;Botellas;3000-ProdTerminado WM;1300-Proyectos PET
70000288;BOTELLAS GENERICA 1 L (PCO) (27,9) 1904;1300;3000;PAL;44,00;0,000;0,000;20.02.2026 - 22:03:45;ENVASES PT;Aceite;PP-Botella;Botellas;3000-ProdTerminado WM;1300-Proyectos PET
70000321;PREFORMAS TRANSPARENTE 43,90G (PCO1810);1300;3000;PZA;687945,00;0,000;0,000;20.02.2026 - 22:03:45;PREFORMAS;Long Finish;PP-Preforma;Preformas;3000-ProdTerminado WM;1300-Proyectos PET
70000335;BOTELLAS LICOR 1,000 L (39) G;1300;3000;PAL;33,00;0,000;0,000;20.02.2026 - 22:03:45;ENVASES PT;Licores;PP-Botella;Botellas;3000-ProdTerminado WM;1300-Proyectos PET
70000401;TAPA PCO 1810 Blanca 28MM 3,10 G (3500);1300;3000;CS;51,00;0,000;0,000;20.02.2026 - 22:03:45;TAPAS;Tapas S/Impresión;PP-Tap. Long Finish;Tapas PT;3000-ProdTerminado WM;1300-Proyectos PET
70000402;TAPA PCO 28MM 1810 DORADA 3,1 G (3.500);1300;2000;CS;0,00;24,000;0,000;20.02.2026 - 22:03:45;TAPAS;Tapas S/Impresión;PP-Tap. Long Finish;Tapas PT;2000-Producción;1300-Proyectos PET
70000403;TAPA PCO 28MM 1810 NATURAL 3,10G (3.500);1300;2000;CS;0,00;4,000;0,000;20.02.2026 - 22:03:45;TAPAS;Tapas S/Impresión;PP-Tap. Long Finish;Tapas PT;2000-Producción;1300-Proyectos PET
70000403;TAPA PCO 28MM 1810 NATURAL 3,10G (3.500);1300;3000;CS;1344,00;0,000;0,000;20.02.2026 - 22:03:45;TAPAS;Tapas S/Impresión;PP-Tap. Long Finish;Tapas PT;3000-ProdTerminado WM;1300-Proyectos PET
70000413;TAPA PCO 28MM 1810 ROSADA  3,10G (3500);1300;3000;CS;48,00;0,000;0,000;20.02.2026 - 22:03:45;TAPAS;Tapas S/Impresión;PP-Tap. Long Finish;Tapas PT;3000-ProdTerminado WM;1300-Proyectos PET
70000446;BOTELLAS GENERICA 850 ML   (23Gr) 2.176;1300;3000;PAL;1,00;0,000;0,000;20.02.2026 - 22:03:45;ENVASES PT;Jugos;PP-Botella;Botellas;3000-ProdTerminado WM;1300-Proyectos PET
70000461;BOTELLAS GENERICA 500 ML (48 PZAS)Ecomm;1300;3009;PZA;192,00;0,000;0,000;20.02.2026 - 22:03:45;ENVASES PT;Jugos;PP-Botella;Inyecto Soplado;3009-E-Commerce;1300-Proyectos PET
70000462;BOTELLAS GENERICA 1 L  (48 PZAS) Ecomm;1300;3009;PZA;1632,00;0,000;0,000;20.02.2026 - 22:03:45;ENVASES PT;Jugos;PP-Botella;Inyecto Soplado;3009-E-Commerce;1300-Proyectos PET
70000479;ENV.PET TRANSP COSMETIC OVAL 200 ML(Ecom;1300;3009;PZA;3120,00;0,000;0,000;20.02.2026 - 22:03:45;ENVASES PT;Cosmetica Oval;AM-Cosmética;Inyecto Soplado;3009-E-Commerce;1300-Proyectos PET
70000481;ENV.PET BCO COSMETIC 200ML SENSITIVE(Eco;1300;3009;PZA;2688,00;0,000;0,000;20.02.2026 - 22:03:45;ENVASES PT;Cosmetica Sensitive;AM-Cosmética;Inyecto Soplado;3009-E-Commerce;1300-Proyectos PET
70000482;FARMACEUTICO AMBAR 60CC (ECOMM);1300;3009;PZA;1404,00;0,000;0,000;20.02.2026 - 22:03:45;ENVASES PT;Farma S/Impresión;PP-Botella;Inyecto Soplado;3009-E-Commerce;1300-Proyectos PET
70000483;TAPA PUSH&PULL BLANCA (Ecomm);1300;3009;PZA;100,00;0,000;0,000;20.02.2026 - 22:03:45;TAPAS;Tapas Push & Pull;AM-Tapas Ampofrasca;Tapas PT;3009-E-Commerce;1300-Proyectos PET
70000485;TAPA PUSH&PULL AZUL (Ecomm);1300;3009;PZA;1650,00;0,000;0,000;20.02.2026 - 22:03:45;TAPAS;Tapas Push & Pull;AM-Tapas Ampofrasca;Tapas PT;3009-E-Commerce;1300-Proyectos PET
70000486;ENV.PET BCO COSMETIC OVAL 200 ML(Ecomm);1300;3009;PZA;600,00;0,000;0,000;20.02.2026 - 22:03:45;ENVASES PT;Cosmetica Oval;AM-Cosmética;Inyecto Soplado;3009-E-Commerce;1300-Proyectos PET
70000488;ENVASE PET SALSA INGLESA 300 ML(Ecomm);1300;3009;PZA;576,00;0,000;0,000;20.02.2026 - 22:03:45;ENVASES PT;Salsas;AM-Salsas;Inyecto Soplado;3009-E-Commerce;1300-Proyectos PET
70000497;FARMACEUTICO AMBAR 240cc (Ecomm);1300;3009;PZA;1680,00;0,000;0,000;20.02.2026 - 22:03:45;ENVASES PT;Farma S/Impresión;AM-Farma;Inyecto Soplado;3009-E-Commerce;1300-Proyectos PET
70000498;ENVASE PET AMBAR FARMA 180 ML (Ecomm);1300;3009;PZA;88,00;0,000;0,000;20.02.2026 - 22:03:45;ENVASES PT;Farma S/Impresión;AM-Farma;Inyecto Soplado;3009-E-Commerce;1300-Proyectos PET
70000499;ESPECIAS 200 Gr. (Ecomm);1300;3009;PZA;1755,00;0,000;0,000;20.02.2026 - 22:03:45;ENVASES PT;Especias;AM-Especias;Inyecto Soplado;3009-E-Commerce;1300-Proyectos PET
70000500;Envase ADEREZOS 200ml (17,82Gr) Ecomm;1300;3009;PZA;1728,00;0,000;0,000;20.02.2026 - 22:03:45;ENVASES PT;Cosmetica Cilindrica;PP-Botella;Inyecto Soplado;3009-E-Commerce;1300-Proyectos PET
70000504;CILINDRICO PCO 28MM 200ml (17,82Gr)Ecomm;1300;3009;PZA;700,00;0,000;0,000;20.02.2026 - 22:03:45;ENVASES PT;Cosmetica Cilindrica;PP-Botella;Inyecto Soplado;3009-E-Commerce;1300-Proyectos PET
70000505;CILINDRICO PCO 28mm 400ml (23,00Gr)Ecomm;1300;3009;PZA;392,00;0,000;0,000;20.02.2026 - 22:03:45;ENVASES PT;Cosmetica Cilindrica;PP-Botella;Inyecto Soplado;3009-E-Commerce;1300-Proyectos PET
70000506;ENVASE MULTIUSOS 500ml  (17.82Gr)Ecomm;1300;3009;PZA;1824,00;0,000;0,000;20.02.2026 - 22:03:45;ENVASES PT;Cosmetica Cilindrica;PP-Botella;Inyecto Soplado;3009-E-Commerce;1300-Proyectos PET
70000525;BOTELLAS LICOR 0,350 L (48 Und) Ecomm;1300;3009;PAL;0,86;0,000;0,000;20.02.2026 - 22:03:45;BOTELLAS GASEOSAS;Licores;PP-Botella;Inyecto Soplado;3009-E-Commerce;1300-Proyectos PET
70000528;BOTELLAS LICOR 1,750 L (24 Und) Ecomm;1300;3009;PZA;600,00;0,000;0,000;20.02.2026 - 22:03:45;BOTELLAS GASEOSAS;Licores;PP-Botella;Inyecto Soplado;3009-E-Commerce;1300-Proyectos PET
70000529;BOTELLAS TRANSP AGUA 1,5L (48 Und) Ecomm;1300;3009;PZA;1434,00;0,000;0,000;20.02.2026 - 22:03:45;BOTELLAS GASEOSAS;Licores;PP-Botella;Inyecto Soplado;3009-E-Commerce;1300-Proyectos PET
70000541;ENVASE BEBIDAS 1000ml  (34gr) Ecomm;1300;3009;PZA;168,00;0,000;0,000;20.02.2026 - 22:03:45;ENVASES PT;Jugos;PP-Botella;Inyecto Soplado;3009-E-Commerce;1300-Proyectos PET
70000543;ENVASE LIMPIEZA 500ml  (25g) Ecomm;1300;3009;PZA;1968,00;0,000;0,000;20.02.2026 - 22:03:45;ENVASES PT;Tapa Especie;AM-Tapas Ampofrasca;Inyecto Soplado;3009-E-Commerce;1300-Proyectos PET
70000551;ENV.PET BCO COSMETIC OVAL 100 ML(Ecomm);1300;3009;PZA;117,00;0,000;0,000;20.02.2026 - 22:03:45;ENVASES PT;Cosmetica Oval;AM-Cosmética;Inyecto Soplado;3009-E-Commerce;1300-Proyectos PET
70000552;ENV.PET TRA COSMETIC 200ML SENSITIVE(Eco;1300;3009;PZA;2039,00;144,000;0,000;20.02.2026 - 22:03:45;ENVASES PT;Cosmetica Sensitive;AM-Cosmética;Inyecto Soplado;3009-E-Commerce;1300-Proyectos PET
70000555;ENVASE PET TRANSP GARRAFA 3L  18Und(Ecom;1300;3009;PZA;36,00;0,000;0,000;20.02.2026 - 22:03:45;ENVASES PT;Garrafa;AM-Garrafa;Botellas;3009-E-Commerce;1300-Proyectos PET
70000556;TAPAS AGUA TRANSPARENTE 3L 18 Und(Ecomm);1300;3009;PZA;236,00;0,000;0,000;20.02.2026 - 22:03:45;TAPAS;Tapas Para Garrafa;AM-Tapas Ampofrasca;Tapas PT;3009-E-Commerce;1300-Proyectos PET
70000557;ENV GEL PACK BLANCO TAPA TRANSP 30Un(Eco;1300;3009;PZA;90,00;0,000;0,000;20.02.2026 - 22:03:45;ENVASES PT;Ambar S/Impresión;AM-Env. Plásticos;Inyecto Soplado;3009-E-Commerce;1300-Proyectos PET
70000562;TAPA PCO 28MM 1810 BLANCA ECOMMERCE;1300;3009;PZA;2850,00;0,000;0,000;20.02.2026 - 22:03:45;TAPAS;Tapas S/Impresión;AM-Tapas Ampofrasca;Tapas PT;3009-E-Commerce;1300-Proyectos PET
70000563;TAPA PCO 28MM 1810 NATURAL ECOMMERCE;1300;3009;PZA;4350,00;0,000;0,000;20.02.2026 - 22:03:45;TAPAS;Tapas S/Impresión;AM-Tapas Ampofrasca;Tapas PT;3009-E-Commerce;1300-Proyectos PET
70000565;TAPA PCO 28MM 1881 NATURAL 2,45G (3.500);1300;3000;CS;239,00;0,000;0,000;20.02.2026 - 22:03:45;TAPAS;Tapas S/Impresión;PP-Tap. Long Finish;Tapas PT;3000-ProdTerminado WM;1300-Proyectos PET
70000569;ENV.PET TRANSP COSMETIC OVAL 400 ML(Ecom;1300;3009;PZA;2000,00;0,000;0,000;20.02.2026 - 22:03:45;ENVASES PT;Cosmetica Oval;AM-Cosmética;Inyecto Soplado;3009-E-Commerce;1300-Proyectos PET
70000571;TAPA PLAST 24MM ROSCA SALSA/GOTERO;1300;3009;PZA;11100,00;0,000;0,000;20.02.2026 - 22:03:45;TAPAS;Tapas Push & Pull;AM-Tapas Ampofrasca;Tapas PT;3009-E-Commerce;1300-Proyectos PET
70000575;TAPA PLAST 28MM PUSH PULL FL BCO/BCO;1300;3009;PZA;50,00;0,000;0,000;20.02.2026 - 22:03:45;TAPAS;Tapas S/Impresión;PP-Tap. Long Finish;Tapas PT;3009-E-Commerce;1300-Proyectos PET
70000598;ATOMIZADOR TIPO GATILLO 28mm Ecomm(48);1300;3009;PZA;2880,00;0,000;0,000;20.02.2026 - 22:03:45;TAPAS;Jugos;PP-Tap. Long Finish;Tapas PT;3009-E-Commerce;1300-Proyectos PET
70000602;TAPA PUSH&PULL VERDE  (ECOMM);1300;3009;PZA;1050,00;0,000;0,000;20.02.2026 - 22:03:45;TAPAS;Tapas Push & Pull;AM-Tapas Ampofrasca;Tapas PT;3009-E-Commerce;1300-Proyectos PET
70000605;TAPA PUSH&PULL NARANJA (Ecomm);1300;3009;PZA;2450,00;0,000;0,000;20.02.2026 - 22:03:45;TAPAS;Tapas Push & Pull;AM-Tapas Ampofrasca;Tapas PT;3009-E-Commerce;1300-Proyectos PET
70000616;BOTELLAS CARBONATADA 1500ML(34,00G);1300;3000;PAL;67,00;0,000;0,000;20.02.2026 - 22:03:45;BOTELLAS GASEOSAS;Agua;PP-Botella;Botellas;3000-ProdTerminado WM;1300-Proyectos PET
70000631;ENVASE GEL PACK BLANCO TAPA BLANCA ECOMM;1300;3009;PZA;600,00;0,000;0,000;20.02.2026 - 22:03:45;ENVASES PT;Tarro Gel Pack;AM-Cosmética;Inyecto Soplado;3009-E-Commerce;1300-Proyectos PET
70000651;PREFORMAS TRANSPARENTE 23,00 G CESTA;1300;2000;PZA;24448,00;0,000;0,000;20.02.2026 - 22:03:45;PREFORMAS;Long Finish;PP-Preforma;Preformas;2000-Producción;1300-Proyectos PET
70000651;PREFORMAS TRANSPARENTE 23,00 G CESTA;1300;3000;PZA;193516,00;0,000;0,000;20.02.2026 - 22:03:45;PREFORMAS;Long Finish;PP-Preforma;Preformas;3000-ProdTerminado WM;1300-Proyectos PET
70000653;PREFORMAS TRANSPARENTE 20,79 G (PCO1881);1300;3000;PZA;95924,00;0,000;0,000;20.02.2026 - 22:03:45;PREFORMAS;Long Finish;PP-Preforma;Preformas;3000-ProdTerminado WM;1300-Proyectos PET
70000664;BOTELLAS  AGUA 0,500L (23Gramos);1300;3000;PAL;4,00;0,000;0,000;20.02.2026 - 22:03:45;ENVASES PT;Licores;PP-Botella;Botellas;3000-ProdTerminado WM;1300-Proyectos PET
70000665;ENVASE PET TRANSP FARMA 120 ML (Ecomm);1300;3009;PZA;4797,00;0,000;0,000;20.02.2026 - 22:03:45;ENVASES PT;Farma S/Impresión;AM-Farma;Inyecto Soplado;3009-E-Commerce;1300-Proyectos PET
70000696;TAPA PCO 28MM 1881 NARANJA (3.500) PZAS;1300;3000;CS;1041,00;0,000;0,000;20.02.2026 - 22:03:45;TAPAS;Tapas S/Impresión;PP-Tap. Long Finish;Tapas PT;3000-ProdTerminado WM;1300-Proyectos PET
70000698;TAPA PCO 28MM 1881 Azul Claro (3.500)PZ;1300;3000;CS;115,00;0,000;0,000;20.02.2026 - 22:03:45;TAPAS;Tapas S/Impresión;PP-Tap. Long Finish;Tapas PT;3000-ProdTerminado WM;1300-Proyectos PET
70000702;PREFORMAS AZUL 17,82GR MAQ PCO 1810;1300;3000;PZA;229884,00;0,000;0,000;20.02.2026 - 22:03:45;PREFORMAS;Long Finish;PP-Preforma;Preformas;3000-ProdTerminado WM;1300-Proyectos PET
70000737;PREFORMAS AZUL 34,00GR MAQ PCO 1810;1300;3000;PZA;10294,00;0,000;0,000;20.02.2026 - 22:03:45;PREFORMAS;Long Finish;PP-Preforma;Preformas;3000-ProdTerminado WM;1300-Proyectos PET
70000750;TAPA PCO 1810 Gris 28MM 3,10 G (3500);1300;3000;CS;6,00;0,000;0,000;20.02.2026 - 22:03:45;TAPAS;Tapas S/Impresión;PP-Tap. Long Finish;Tapas PT;3000-ProdTerminado WM;1300-Proyectos PET
70000755;PREF TRANSP 29,64 MAQ SOFT DRI CZ-328;1300;3000;PZA;18279,00;0,000;0,000;20.02.2026 - 22:03:45;PREFORMAS;Long Finish;PP-Preforma;Preformas;3000-ProdTerminado WM;1300-Proyectos PET
70000762;PREF TRANSP 38,05 MAQ SOFT DRI CR-8828;1300;2000;PZA;125568,00;0,000;0,000;20.02.2026 - 22:03:45;PREFORMAS;Long Finish;PP-Preforma;Preformas;2000-Producción;1300-Proyectos PET
70000762;PREF TRANSP 38,05 MAQ SOFT DRI CR-8828;1300;3000;PZA;419224,00;0,000;0,000;20.02.2026 - 22:03:45;PREFORMAS;Long Finish;PP-Preforma;Preformas;3000-ProdTerminado WM;1300-Proyectos PET
70000768;PREF 42,64GR MAQ 1881 JADE 328-A SOFT DR;1300;3000;PZA;38760,00;0,000;0,000;20.02.2026 - 22:03:45;PREFORMAS;Long Finish;PP-Preforma;Preformas;3000-ProdTerminado WM;1300-Proyectos PET
70000772;PREFORMAS 42,64GR CR 8828 MAQ SOFT DRI;1300;3000;PZA;44035,00;0,000;0,000;20.02.2026 - 22:03:45;PREFORMAS;Long Finish;PP-Preforma;Preformas;3000-ProdTerminado WM;1300-Proyectos PET
70000776;BOTELLAS  AMBAR  1,5L MALTIN POLAR 52Gr;1300;2000;PAL;17,00;25,000;15,000;20.02.2026 - 22:03:45;BOTELLAS GASEOSAS;Carbonatada;PP-Botella;Botellas;2000-Producción;1300-Proyectos PET
70000776;BOTELLAS  AMBAR  1,5L MALTIN POLAR 52Gr;1300;3000;PAL;33,00;0,000;0,000;20.02.2026 - 22:03:45;BOTELLAS GASEOSAS;Carbonatada;PP-Botella;Botellas;3000-ProdTerminado WM;1300-Proyectos PET
70000778;PREFORMAS 30,86GR TRANSPARENTE MAQUILA;1300;3000;PZA;46788,00;0,000;0,000;20.02.2026 - 22:03:45;PREFORMAS;Long Finish;PP-Preforma;Preformas;3000-ProdTerminado WM;1300-Proyectos PET
70000780;PREFORMAS TRANSPARENTE 17,82 G MAQUILA;1300;2000;PZA;102816,00;0,000;0,000;20.02.2026 - 22:03:45;PREFORMAS;Long Finish;PP-Preforma;Preformas;2000-Producción;1300-Proyectos PET
70000797;ENVASE PET TRANSP FARMA  60 ML ECOMM;1300;3009;PZA;1092,00;0,000;0,000;20.02.2026 - 22:03:45;ENVASES PT;Farma S/Impresión;AM-Farma;Inyecto Soplado;3009-E-Commerce;1300-Proyectos PET
70000798;PREF VERDE 20,79 MAQ SOFT DRI CR8828;1300;3000;PZA;34272,00;0,000;0,000;20.02.2026 - 22:03:45;PREFORMAS;Long Finish;PP-Preforma;Preformas;3000-ProdTerminado WM;1300-Proyectos PET
70000802;BOT CARBONATADA  500ML 17,82G 48 Und Eco;1300;3009;PAL;0,71;0,000;0,000;20.02.2026 - 22:03:45;BOTELLAS GASEOSAS;Licores;PP-Botella;Inyecto Soplado;3009-E-Commerce;1300-Proyectos PET
70000805;PREF VERDE 29,64 MAQ SOFT DRI CR-8828;1300;3000;PZA;9459,00;0,000;0,000;20.02.2026 - 22:03:45;PREFORMAS;Short Finish;PP-Preforma;Preformas;3000-ProdTerminado WM;1300-Proyectos PET
70000817;PREFORMAS TRANSP 25G MAQ RESINA R1 MEGAP;1300;3000;PZA;13600,00;0,000;0,000;20.02.2026 - 22:03:45;PREFORMAS;Long Finish;PP-Preforma;Preformas;3000-ProdTerminado WM;1300-Proyectos PET
70000821;BOTELLAS TRANSP AGUA 0,5L (48 Und) Ecomm;1300;3009;PZA;4272,00;0,000;0,000;20.02.2026 - 22:03:45;BOTELLAS GASEOSAS;Licores;PP-Botella;Inyecto Soplado;3009-E-Commerce;1300-Proyectos PET
70000822;PREFORMAS TRANSP 16,56 G(1881PCO)BIG BAG;1300;3000;PZA;370502,00;0,000;0,000;20.02.2026 - 22:03:45;PREFORMAS;Short Finish;PP-Preforma;Preformas;3000-ProdTerminado WM;1300-Proyectos PET
70000824;PREFORMAS TRANSP 20,79G (PCO1881)BIG BAG;1300;3000;PZA;394128,00;0,000;0,000;20.02.2026 - 22:03:45;PREFORMAS;Long Finish;PP-Preforma;Preformas;3000-ProdTerminado WM;1300-Proyectos PET
70000826;PREFORMAS TRANSP 29,64G(1881PCO)BIG BAG;1300;3000;PZA;359442,00;0,000;0,000;20.02.2026 - 22:03:45;PREFORMAS;Short Finish;PP-Preforma;Preformas;3000-ProdTerminado WM;1300-Proyectos PET
70000831;TAPA PCO 1881 BLANCA S/IMP (3500);1300;3000;CS;15,00;0,000;0,000;20.02.2026 - 22:03:45;TAPAS;Tapas S/Impresión;PP-Tap. Short Finish;Tapas PT;3000-ProdTerminado WM;1300-Proyectos PET
70000837;PREFORMAS 16,56GR CR-8828F MAQ SOFT DRI;1300;3000;PZA;198340,00;0,000;0,000;20.02.2026 - 22:03:45;PREFORMAS;Long Finish;PP-Preforma;Preformas;3000-ProdTerminado WM;1300-Proyectos PET
70000843;PREFORMAS TRANSP 25,00 GR MAQ GLOBAL IMP;1300;2000;PZA;0,00;68000,000;0,000;20.02.2026 - 22:03:45;PREFORMAS;Long Finish;PP-Preforma;Preformas;2000-Producción;1300-Proyectos PET
70000843;PREFORMAS TRANSP 25,00 GR MAQ GLOBAL IMP;1300;3000;PZA;680000,00;0,000;0,000;20.02.2026 - 22:03:45;PREFORMAS;Long Finish;PP-Preforma;Preformas;3000-ProdTerminado WM;1300-Proyectos PET
