Clase Orden;Texto ClOrden;Orden;Centro;Codigo_Mat;Denominacion Material;Cantidad Orden;Cantidad Recibida;UM Orden;Cantidad 2;Recibido 2;UM 2;Fecha Inicio Extrema;Fecha Fin Extrema;Fecha Inic Real;Fecha fin real;Fecha Liberacion;Reproceso;Estatus;Categoria;Maquina;Fecha-Hora
ZP16;Orden de Proceso para Soluciones ACT 26041;000026003809;1000;40000052;AGUA DESMINERALIZADA ACT 26041;7.245,000;7.245,000;KG;0,000;0,000;;13.03.2026;13.03.2026;13.03.2026;13.03.2026;13.03.2026;PLAN;Cerrado técnicamente;Materia Prima;Tanque zona fria 8500 Kg.;13.03.2026 - 08:15:00
ZP16;Orden de Proceso para Soluciones ACT 26041;000026003810;1000;40000052;AGUA DESMINERALIZADA ACT 26041;6.643,500;6.643,500;KG;0,000;0,000;;13.03.2026;13.03.2026;13.03.2026;13.03.2026;13.03.2026;PLAN;Cerrado técnicamente;Materia Prima;Tanque zona fria 8500 Kg.;13.03.2026 - 08:15:00
ZP16;Orden de Proceso para Soluciones;000026003811;1000;40000052;AGUA DESMINERALIZADA;6000,000;6000,000;KG;0,000;0,000;;03.02.2026;03.02.2026;09.02.2026;11.02.2026;03.02.2026;PLAN;Cerrado técnicamente;Materia Prima;Tanque zona fria 8500 Kg.;20.02.2026 - 22:02:04
ZP16;Orden de Proceso para Soluciones;000026003812;1000;40000052;AGUA DESMINERALIZADA;6000,000;6000,000;KG;0,000;0,000;;03.02.2026;03.02.2026;11.02.2026;11.02.2026;03.02.2026;PLAN;Cerrado técnicamente;Materia Prima;Tanque zona fria 8500 Kg.;20.02.2026 - 22:02:04
ZP16;Orden de Proceso para Soluciones;000026003813;1000;40000052;AGUA DESMINERALIZADA;6000,000;6000,000;KG;0,000;0,000;;03.02.2026;03.02.2026;11.02.2026;12.02.2026;03.02.2026;PLAN;Cerrado técnicamente;Materia Prima;Tanque zona fria 8500 Kg.;20.02.2026 - 22:02:04
ZP16;Orden de Proceso para Soluciones;000026003814;1000;40000052;AGUA DESMINERALIZADA;6000,000;6000,000;KG;0,00;0,00;;03.02.2026;03.02.2026;12.02.2026;18.02.2026;03.02.2026;PLAN;Cerrado técnicamente;Materia Prima;Tanque zona fria 8500 Kg.;20.02.2026 - 22:02:04
ZP16;Orden de Proceso para Soluciones;000026003830;1000;40000052;AGUA DESMINERALIZADA;6000,000;6000,000;KG;0,000;0,000;;18.02.2026;18.02.2026;19.02.2026;19.02.2026;18.02.2026;PLAN;Cerrado técnicamente;Materia Prima;Tanque zona fria 8500 Kg.;20.02.2026 - 22:02:04
ZP16;Orden de Proceso para Soluciones;000026003831;1000;40000052;AGUA DESMINERALIZADA;6000,000;670,861;KG;0,000;0,000;;18.02.2026;18.02.2026;19.02.2026;00.00.0000;18.02.2026;PLAN;Liberados;Materia Prima;Tanque zona fria 8500 Kg.;20.02.2026 - 22:02:04
ZP16;Orden de Proceso para Soluciones;000026003832;1000;40000052;AGUA DESMINERALIZADA;6000,000;0,000;KG;0,00;0,00;;18.02.2026;18.02.2026;00.00.0000;00.00.0000;18.02.2026;PLAN;Liberados;Materia Prima;Tanque zona fria 8500 Kg.;20.02.2026 - 22:02:04
ZP10;Orden de Proceso para Aceites;000020000411;1000;40000068;MEZCLA ACEITE AMY;742,000;742,000;KG;742,000;742,000;KG;03.02.2026;03.02.2026;03.02.2026;03.02.2026;02.02.2026;PLAN;Cerrado técnicamente;Materia Prima;Tanque zona fria 5500 Kg.;20.02.2026 - 22:02:04
ZP10;Orden de Proceso para Aceites;000020000412;1000;40000082;MEZCLA DE ACEITE CHICCO;743,000;743,000;KG;743,000;743,000;KG;03.02.2026;03.02.2026;03.02.2026;03.02.2026;02.02.2026;PLAN;Cerrado técnicamente;Materia Prima;Tanque zona fria 5500 Kg.;20.02.2026 - 22:02:04
ZP10;Orden de Proceso para Aceites;000020000416;1000;40000082;MEZCLA DE ACEITE CHICCO;820,000;0,000;KG;820,000;0,000;KG;12.02.2026;12.02.2026;00.00.0000;00.00.0000;12.02.2026;PLAN;Liberados;Materia Prima;Tanque zona fria 5500 Kg.;20.02.2026 - 22:02:04
ZP13;Orden de Proceso para Colonias;000023000910;1000;40000096;MEZCLA DE COLONIA AMY;2014,000;2014,000;KG;0,000;0,000;;12.02.2026;13.02.2026;12.02.2026;12.02.2026;11.02.2026;PLAN;Cerrado técnicamente;Materia Prima;Tanque zona fria 5500 Kg.;20.02.2026 - 22:02:04
ZP13;Orden de Proceso para Colonias;000023000902;1000;40000097;MEZCLA DE COLONIA CHICCO;6392,000;6392,000;KG;6392,000;6392,000;KG;06.02.2026;08.02.2026;06.02.2026;06.02.2026;03.02.2026;PLAN;Cerrado técnicamente;Materia Prima;Tanque  zona fria 2000 Kg.;20.02.2026 - 22:02:04
ZP13;Orden de Proceso para Colonias;000023000903;1000;40000097;MEZCLA DE COLONIA CHICCO;6340,000;6340,000;KG;6284,21;5557,40;KG;11.02.2026;11.02.2026;11.02.2026;11.02.2026;03.02.2026;PLAN;Cerrado técnicamente;Materia Prima;Tanque  zona fria 2000 Kg.;20.02.2026 - 22:02:04
ZP13;Orden de Proceso para Colonias;000023000907;1000;40000097;MEZCLA DE COLONIA CHICCO;5294,000;5294,000;KG;4661,80;5644,49;KG;11.02.2026;11.02.2026;11.02.2026;11.02.2026;09.02.2026;PLAN;Cerrado técnicamente;Materia Prima;Tanque  zona fria 2000 Kg.;20.02.2026 - 22:02:04
ZP16;Orden de Proceso para Soluciones;000026003818;1000;40000118;MEZCLA DE SOLUCIÓN PARA HISOPOS;100,000;100,000;KG;0,000;0,000;;06.02.2026;06.02.2026;11.02.2026;11.02.2026;06.02.2026;PLAN;Cerrado técnicamente;Materia Prima;Tanque zona caliente 1000 Kg.;20.02.2026 - 22:02:04
ZP12;Orden de Proceso Cremas, Lociones y;000022001363;1000;40000143;MEZCLA GEL ANTIBACTERIAL CHICCO;891,000;891,000;KG;891,000;891,000;KG;05.02.2026;08.02.2026;05.02.2026;05.02.2026;03.02.2026;PLAN;Cerrado técnicamente;Materia Prima;Tanque zona caliente 1000 Kg.;20.02.2026 - 22:02:04
ZP16;Orden de Proceso para Soluciones;000026003819;1000;40000175;SOLUCIÓN DE ALCOHOL AL 70% (PLANTA);200,000;200,000;KG;0,000;0,000;;09.02.2026;09.02.2026;11.02.2026;11.02.2026;09.02.2026;PLAN;Cerrado técnicamente;Materia Prima;Tanque zona caliente 600 Kg.;20.02.2026 - 22:02:04
ZP16;Orden de Proceso para Soluciones;000026003820;1000;40000282;SOLUCION GERDEX P/NEBULIZAR AL 2%;33,000;33,000;KG;0,000;0,000;;10.02.2026;10.02.2026;11.02.2026;11.02.2026;09.02.2026;PLAN;Cerrado técnicamente;Materia Prima;Tanque zona caliente 600 Kg.;20.02.2026 - 22:02:04
ZP16;Orden de Proceso para Soluciones;000026003821;1000;40000322;SOLUCIÓN TEGO 51 AL 2% (AMBIENTE);200,000;200,000;KG;0,000;0,000;;09.02.2026;09.02.2026;11.02.2026;11.02.2026;09.02.2026;PLAN;Cerrado técnicamente;Materia Prima;Tanque zona caliente 600 Kg.;20.02.2026 - 22:02:04
ZP13;Orden de Proceso para Colonias;000023000905;1000;40000425;MEZCLA DE COLONIA AMY R2020;2170,000;0,000;KG;2170,000;0,000;KG;09.02.2026;09.02.2026;00.00.0000;00.00.0000;03.02.2026;PLAN;Liberados;Materia Prima;Tanque  zona fria 2000 Kg.;20.02.2026 - 22:02:04
ZP16;Orden de Proceso para Soluciones;000026003822;1000;40000426;SOLUCION TOALLAS AMY MANZANILLA R2020;4800,000;4800,000;KG;0,000;0,000;;09.02.2026;09.02.2026;12.02.2026;12.02.2026;09.02.2026;PLAN;Cerrado técnicamente;Materia Prima;Tanque zona fria 5500 Kg.;20.02.2026 - 22:02:04
ZP15;Orden de Proceso para Polvos;000025000758;1000;40000428;MEZCLA DE TALCO AMY R2020;540,000;540,000;KG;540,000;540,000;KG;02.02.2026;02.02.2026;03.02.2026;03.02.2026;02.02.2026;PLAN;Cerrado técnicamente;Materia Prima;Línea Llenado Talco H;20.02.2026 - 22:02:04
ZP15;Orden de Proceso para Polvos;000025000759;1000;40000428;MEZCLA DE TALCO AMY R2020;360,000;360,000;KG;360,000;360,000;KG;02.02.2026;02.02.2026;03.02.2026;03.02.2026;02.02.2026;PLAN;Cerrado técnicamente;Materia Prima;Línea Llenado Talco H;20.02.2026 - 22:02:04
ZP14;Orden de Proceso para Jabones;000024000188;1000;40000486;MEZCLA PHARSANA INSTITUCIONAL JABON ANT;1520,000;0,000;KG;0,000;0,000;;12.02.2026;12.02.2026;00.00.0000;00.00.0000;12.02.2026;PLAN;Liberados;Materia Prima;Tanque zona fria 5500 Kg.;20.02.2026 - 22:02:04
ZP11;Orden de Proceso para Champúes;000021000789;1000;40000512;MEZCLA CHICCO CHAMPU ORIGINAL  LP;919,000;919,000;KG;0,000;0,000;;09.02.2026;12.02.2026;09.02.2026;11.02.2026;03.02.2026;PLAN;Cerrado técnicamente;Materia Prima;Tanque zona fria 5500 Kg.;20.02.2026 - 22:02:04
ZP11;Orden de Proceso para Champúes;000021000790;1000;40000513;MEZCLA CHICCO CHAMPU MANZANILLA LP;928,000;928,000;KG;0,00;0,00;;12.02.2026;13.02.2026;12.02.2026;13.02.2026;03.02.2026;PLAN;Cerrado técnicamente;Materia Prima;Tanque zona fria 5500 Kg.;20.02.2026 - 22:02:04
ZP14;Orden de Proceso para Jabones;000024000187;1000;40000520;MEZCLA CHICCO JABÓN LÍQUIDO LP;2490,000;2490,000;KG;0,000;0,000;;13.02.2026;18.02.2026;13.02.2026;18.02.2026;10.02.2026;PLAN;Cerrado técnicamente;Materia Prima;Tanque zona fria 5500 Kg.;20.02.2026 - 22:02:04
ZP15;Orden de Proceso para Polvos;000025000756;1000;40000521;MEZCLA CHICCO TALCO CON ALMIDÓN LP;360,000;360,000;KG;0,000;0,000;;02.02.2026;02.02.2026;03.02.2026;03.02.2026;02.02.2026;PLAN;Cerrado técnicamente;Materia Prima;Línea Llenado Talco H;20.02.2026 - 22:02:04
ZP15;Orden de Proceso para Polvos;000025000757;1000;40000521;MEZCLA CHICCO TALCO CON ALMIDÓN LP;145,000;145,000;KG;0,000;0,000;;02.02.2026;02.02.2026;03.02.2026;03.02.2026;02.02.2026;PLAN;Cerrado técnicamente;Materia Prima;Línea Llenado Talco H;20.02.2026 - 22:02:04
ZP11;Orden de Proceso para Champúes;000021000791;1000;40000524;MEZCLA CHICCO CHAMPU ROMERO LP;950,000;0,000;KG;0,000;0,000;;03.02.2026;03.02.2026;00.00.0000;00.00.0000;03.02.2026;PLAN;Liberados;Materia Prima;Tanque zona fria 5500 Kg.;20.02.2026 - 22:02:04
ZPP3;Orden de Fabricación-Cotoncitos;000013000504;1000;40000538;BASTONCITO PARA HISOPOS (NACIONAL PH)32;8712346,000;8712346,000;ST;0,000;0,000;;18.02.2026;18.02.2026;03.02.2026;19.02.2026;02.02.2026;PLAN;Cerrado técnicamente;Materia Prima;EXTRUSORA DE PALITOS;20.02.2026 - 22:02:04
ZP16;Orden de Proceso para Soluciones;000026003806;1000;40000545;SOLUCION P/TOALLAS HÚMEDAS CHICCO LP;5000,000;5000,000;KG;5000,000;5000,000;KG;03.02.2026;03.02.2026;05.02.2026;05.02.2026;03.02.2026;PLAN;Cerrado técnicamente;Materia Prima;Tanque zona fria 5500 Kg.;20.02.2026 - 22:02:04
ZP16;Orden de Proceso para Soluciones;000026003807;1000;40000545;SOLUCION P/TOALLAS HÚMEDAS CHICCO LP;5000,000;5000,000;KG;5000,000;5000,000;KG;03.02.2026;03.02.2026;09.02.2026;09.02.2026;03.02.2026;PLAN;Cerrado técnicamente;Materia Prima;Tanque zona fria 5500 Kg.;20.02.2026 - 22:02:04
ZP16;Orden de Proceso para Soluciones;000026003808;1000;40000545;SOLUCION P/TOALLAS HÚMEDAS CHICCO LP;5280,000;5280,000;KG;5280,000;5280,000;KG;03.02.2026;03.02.2026;11.02.2026;11.02.2026;03.02.2026;PLAN;Cerrado técnicamente;Materia Prima;Tanque zona fria 5500 Kg.;20.02.2026 - 22:02:04
ZP16;Orden de Proceso para Soluciones;000026003826;1000;40000545;SOLUCION P/TOALLAS HÚMEDAS CHICCO LP;5000,000;0,000;KG;5000,000;0,000;KG;12.02.2026;12.02.2026;00.00.0000;00.00.0000;12.02.2026;PLAN;Liberados;Materia Prima;Tanque zona fria 5500 Kg.;20.02.2026 - 22:02:04
ZP16;Orden de Proceso para Soluciones;000026003827;1000;40000545;SOLUCION P/TOALLAS HÚMEDAS CHICCO LP;5000,000;0,000;KG;5394,77;0,00;KG;12.02.2026;12.02.2026;00.00.0000;00.00.0000;12.02.2026;PLAN;Liberados;Materia Prima;Tanque zona fria 5500 Kg.;20.02.2026 - 22:02:04
ZP16;Orden de Proceso para Soluciones;000026003828;1000;40000545;SOLUCION P/TOALLAS HÚMEDAS CHICCO LP;5490,000;0,000;KG;5490,000;0,000;KG;12.02.2026;12.02.2026;00.00.0000;00.00.0000;12.02.2026;PLAN;Liberados;Materia Prima;Tanque zona fria 5500 Kg.;20.02.2026 - 22:02:04
ZP16;Orden de Proceso para Soluciones;000026003823;1000;40000546;SOLUCION AMY SEC TOALLAS HUMEDAS 99%AGUA;5000,000;5000,000;KG;0,000;0,000;;09.02.2026;09.02.2026;18.02.2026;18.02.2026;09.02.2026;PLAN;Cerrado técnicamente;Materia Prima;Tanque zona fria 5500 Kg.;20.02.2026 - 22:02:04
ZP16;Orden de Proceso para Soluciones;000026003824;1000;40000546;SOLUCION AMY SEC TOALLAS HUMEDAS 99%AGUA;3700,000;3700,000;KG;0,000;0,000;;09.02.2026;09.02.2026;19.02.2026;19.02.2026;09.02.2026;PLAN;Cerrado técnicamente;Materia Prima;Tanque zona fria 5500 Kg.;20.02.2026 - 22:02:04
ZP16;Orden de Proceso para Soluciones;000026003805;1000;40000549;SOLUCION INTYLACT TH INTIMA MANZANILLA;1330,000;1330,000;KG;1330,000;1330,000;KG;05.02.2026;11.02.2026;05.02.2026;05.02.2026;03.02.2026;PLAN;Cerrado técnicamente;Materia Prima;Tanque zona fria 5500 Kg.;20.02.2026 - 22:02:04
ZP16;Orden de Proceso para Soluciones;000026003815;1000;40000551;SOLUCION INTYLACT TH INTIMA ARANDANO;2660,000;2660,000;KG;2660,000;2660,000;KG;04.02.2026;04.02.2026;11.02.2026;11.02.2026;04.02.2026;PLAN;Cerrado técnicamente;Materia Prima;Tanque zona fria 5500 Kg.;20.02.2026 - 22:02:04
ZP15;Orden de Proceso para Polvos;000025000762;1000;40000583;MEZCLA BOROCANFOR POLVO;540,000;540,000;KG;0,000;0,000;;04.02.2026;04.02.2026;18.02.2026;19.02.2026;03.02.2026;PLAN;Cerrado técnicamente;Materia Prima;Línea Llenado Talco H;20.02.2026 - 22:02:04
ZP15;Orden de Proceso para Polvos;000025000763;1000;40000583;MEZCLA BOROCANFOR POLVO;360,000;360,000;KG;0,000;0,000;;04.02.2026;04.02.2026;19.02.2026;19.02.2026;03.02.2026;PLAN;Cerrado técnicamente;Materia Prima;Línea Llenado Talco H;20.02.2026 - 22:02:04
ZP15;Orden de Proceso para Polvos;000025000764;1000;40000583;MEZCLA BOROCANFOR POLVO;510,000;510,000;KG;0,000;0,000;;10.02.2026;10.02.2026;11.02.2026;11.02.2026;03.02.2026;PLAN;Cerrado técnicamente;Materia Prima;Línea Llenado Talco H;20.02.2026 - 22:02:04
ZP15;Orden de Proceso para Polvos;000025000765;1000;40000583;MEZCLA BOROCANFOR POLVO;510,000;510,000;KG;0,000;0,000;;04.02.2026;04.02.2026;11.02.2026;12.02.2026;03.02.2026;PLAN;Cerrado técnicamente;Materia Prima;Línea Llenado Talco H;20.02.2026 - 22:02:04
ZP15;Orden de Proceso para Polvos;000025000766;1000;40000583;MEZCLA BOROCANFOR POLVO;180,000;0,000;KG;0,000;0,000;;03.02.2026;03.02.2026;00.00.0000;00.00.0000;03.02.2026;PLAN;Liberados;Materia Prima;Línea Llenado Talco H;20.02.2026 - 22:02:04
ZP15;Orden de Proceso para Polvos;000025000767;1000;40000583;MEZCLA BOROCANFOR POLVO;180,000;0,000;KG;0,000;0,000;;03.02.2026;03.02.2026;00.00.0000;00.00.0000;03.02.2026;PLAN;Liberados;Materia Prima;Línea Llenado Talco H;20.02.2026 - 22:02:04
ZP15;Orden de Proceso para Polvos;000025000768;1000;40000583;MEZCLA BOROCANFOR POLVO;180,000;0,000;KG;0,000;0,000;;03.02.2026;03.02.2026;00.00.0000;00.00.0000;03.02.2026;PLAN;Liberados;Materia Prima;Línea Llenado Talco H;20.02.2026 - 22:02:04
ZP15;Orden de Proceso para Polvos;000025000769;1000;40000583;MEZCLA BOROCANFOR POLVO;150,000;0,000;KG;0,000;0,000;;03.02.2026;03.02.2026;00.00.0000;00.00.0000;03.02.2026;PLAN;Liberados;Materia Prima;Línea Llenado Talco H;20.02.2026 - 22:02:04
ZP15;Orden de Proceso para Polvos;000025000770;1000;40000583;MEZCLA BOROCANFOR POLVO;180,000;0,000;KG;0,000;0,000;;03.02.2026;03.02.2026;00.00.0000;00.00.0000;03.02.2026;PLAN;Liberados;Materia Prima;Línea Llenado Talco H;20.02.2026 - 22:02:04
ZP15;Orden de Proceso para Polvos;000025000771;1000;40000583;MEZCLA BOROCANFOR POLVO;180,000;0,000;KG;0,000;0,000;;03.02.2026;03.02.2026;00.00.0000;00.00.0000;03.02.2026;PLAN;Liberados;Materia Prima;Línea Llenado Talco H;20.02.2026 - 22:02:04
ZP15;Orden de Proceso para Polvos;000025000772;1000;40000583;MEZCLA BOROCANFOR POLVO;150,000;0,000;KG;0,000;0,000;;03.02.2026;03.02.2026;00.00.0000;00.00.0000;03.02.2026;PLAN;Liberados;Materia Prima;Línea Llenado Talco H;20.02.2026 - 22:02:04
ZP15;Orden de Proceso para Polvos;000025000761;1000;50000106;AMY TALCO PARA BEBES (24x200G);4560,000;4560,000;ST;190,000;190,000;CS;20.01.2026;25.02.2026;03.02.2026;03.02.2026;02.02.2026;PLAN;Cerrado técnicamente;Cuidado Personal;Línea Llenado Talco H;20.02.2026 - 22:02:04
ZPP3;Orden de Fabricación-Cotoncitos;000013000502;1000;50000443;AMY HISOPOS (48x60UN);8697,000;8697,000;PAQ;181,188;181,188;CS;03.02.2026;27.02.2026;03.02.2026;03.02.2026;02.02.2026;PLAN;Cerrado técnicamente;Cuidado Personal;LÍNEA COTONCITOS 1;20.02.2026 - 22:02:04
ZPP3;Orden de Fabricación-Cotoncitos;000013000503;1000;50000443;AMY HISOPOS (48x60UN);16341,000;16341,000;PAQ;340,438;340,438;CS;23.01.2026;13.02.2026;05.02.2026;06.02.2026;02.02.2026;PLAN;Cerrado técnicamente;Cuidado Personal;LÍNEA COTONCITOS 1;20.02.2026 - 22:02:04
ZPP2;Orden de Fabricación-Algodones;000012000251;1000;50000517;AMY MOTAS DE ALGODON (12x50UN);4244,000;4244,000;PAQ;353,667;353,667;CS;03.02.2026;27.02.2026;03.02.2026;03.02.2026;02.02.2026;PLAN;Liberados;Cuidado Personal;LINEA 1 MOTAS DE ALGODÓN;20.02.2026 - 22:02:04
ZP10;Orden de Proceso para Aceites;000020000413;1000;50000899;AMY ACEITE PARA BEBES (10x220ML);3934,000;3934,000;ST;393,400;393,400;CS;20.01.2026;26.02.2026;03.02.2026;03.02.2026;02.02.2026;PLAN;Cerrado técnicamente;Cuidado Personal;Línea Viscosos 12 Picos;20.02.2026 - 22:02:04
ZP13;Orden de Proceso para Colonias;000023000906;1000;50000902;AMY COLONIA PARA BEBES (10x220ML);9000,000;0,000;ST;900,000;0,000;CS;03.02.2026;26.02.2026;00.00.0000;00.00.0000;03.02.2026;PLAN;Liberados;Cuidado Personal;Línea 1 LIQUIDOS 12 Picos;20.02.2026 - 22:02:04
ZP13;Orden de Proceso para Colonias;000023000909;1000;50000902;AMY COLONIA PARA BEBES (10x220ML);9000,000;0,000;ST;900,000;0,000;CS;11.02.2026;06.03.2026;00.00.0000;00.00.0000;11.02.2026;PLAN;Liberados;Cuidado Personal;Línea 1 LIQUIDOS 12 Picos;20.02.2026 - 22:02:04
ZP14;Orden de Proceso para Jabones;000024000190;1000;50000918;PHARSANA JABON ANTIBACTERIAL 20 LT;24,000;0,000;ST;24,000;0,000;CS;12.02.2026;10.03.2026;00.00.0000;00.00.0000;12.02.2026;PLAN;Liberados;Cuidado Personal;Línea 3 Viscosos 1 Pico;20.02.2026 - 22:02:04
ZP14;Orden de Proceso para Jabones;000024000189;1000;50000920;PHARSANA JABON ANTIBACTERIAL 60 LT;17,000;0,000;ST;17,000;0,000;CS;12.02.2026;10.03.2026;00.00.0000;00.00.0000;12.02.2026;PLAN;Liberados;Cuidado Personal;Línea 3 Viscosos 1 Pico;20.02.2026 - 22:02:04
ZP11;Orden de Proceso para Champúes;000021000792;1000;50000963;CHICCO BS CHAMPU CABELLONORMAL(10x200ML);4480,000;4480,000;ST;448,000;448,000;CS;27.01.2026;19.02.2026;10.02.2026;10.02.2026;05.02.2026;PLAN;Cerrado técnicamente;Cuidado Personal;Línea Viscosos 12 Picos;20.02.2026 - 22:02:04
ZP12;Orden de Proceso Cremas, Lociones y;000022001364;1000;50000963;CHICCO BS CHAMPU CABELLONORMAL(10x200ML);4500,000;0,000;ST;448,55;0,00;CS;05.02.2026;02.03.2026;00.00.0000;00.00.0000;05.02.2026;PLAN;Liberados;Cuidado Personal;Línea Viscosos 12 Picos;20.02.2026 - 22:02:04
ZP11;Orden de Proceso para Champúes;000021000786;1000;50000964;CHICCO BS CHAMPU CABELLO CLARO(10x200ML);4514,000;4514,000;ST;451,400;451,400;CS;30.01.2026;24.02.2026;13.02.2026;18.02.2026;03.02.2026;PLAN;Cerrado técnicamente;Cuidado Personal;Línea Viscosos 12 Picos;20.02.2026 - 22:02:04
ZP13;Orden de Proceso para Colonias;000023000904;1000;50000970;CHICCO BS COLONIA (10x220ML);62110,000;23120,000;ST;6211,000;2312,000;CS;03.02.2026;26.02.2026;18.02.2026;20.02.2026;03.02.2026;PLAN;Liberados;Cuidado Personal;Línea 1 LIQUIDOS 12 Picos;20.02.2026 - 22:02:04
ZP10;Orden de Proceso para Aceites;000020000414;1000;50000971;CHICCO BS ACEITE (10x220ML);3965,000;3965,000;ST;396,500;396,500;CS;03.02.2026;26.02.2026;03.02.2026;03.02.2026;02.02.2026;PLAN;Cerrado técnicamente;Cuidado Personal;Línea Viscosos 12 Picos;20.02.2026 - 22:02:04
ZP13;Orden de Proceso para Colonias;000023000900;1000;50000971;CHICCO BS ACEITE (10x220ML);4000,000;0,000;ST;400,000;0,000;CS;02.02.2026;26.02.2026;00.00.0000;00.00.0000;02.02.2026;PLAN;Liberados;Cuidado Personal;Línea Viscosos 12 Picos;20.02.2026 - 22:02:04
ZP16;Orden de Proceso para Soluciones;000026003829;1000;50000974;CHICCO BS TH ORIGINAL (24x72UN);51360,000;0,000;PAQ;2140,000;0,000;CS;12.02.2026;09.03.2026;00.00.0000;00.00.0000;12.02.2026;PLAN;Liberados;Cuidado Personal;Línea Wipes 18 rollo;20.02.2026 - 22:02:04
ZP16;Orden de Proceso para Soluciones;000026003804;1000;50000975;CHICCO BS TH ORIGINAL (20x48UN);78424,000;78424,000;PAQ;3921,200;3921,200;CS;23.01.2026;24.02.2026;06.02.2026;13.02.2026;03.02.2026;PLAN;Cerrado técnicamente;Cuidado Personal;Línea Wipes 18 rollo;20.02.2026 - 22:02:04
ZP16;Orden de Proceso para Soluciones;000026003816;1000;50001005;AMY SEC TH MANZANILLA P/BEBES (24x72UN);18713,000;18713,000;PAQ;825,06;847,10;CS;30.01.2026;27.02.2026;13.02.2026;18.02.2026;05.02.2026;PLAN;Liberados;Cuidado Personal;Línea Wipes 18 rollo;20.02.2026 - 22:02:04
ZP16;Orden de Proceso para Soluciones;000026003817;1000;50001005;AMY SEC TH MANZANILLA P/BEBES (24x72UN);18696,000;18696,000;PAQ;779,000;779,000;CS;30.01.2026;27.02.2026;13.02.2026;19.02.2026;05.02.2026;PLAN;Liberados;Cuidado Personal;Línea Wipes 18 rollo;20.02.2026 - 22:02:04
ZP13;Orden de Proceso para Colonias;000023000901;1000;50001011;CHICCO BS COLONIA (28x100ML);51009,000;51009,000;ST;1971,64;1926,98;CS;20.01.2026;23.02.2026;03.02.2026;11.02.2026;02.02.2026;PLAN;Cerrado técnicamente;Cuidado Personal;Línea 1 LIQUIDOS 12 Picos;20.02.2026 - 22:02:04
ZP13;Orden de Proceso para Colonias;000023000908;1000;50001011;CHICCO BS COLONIA (28x100ML);49672,000;0,000;ST;1774,000;0,000;CS;09.02.2026;04.03.2026;00.00.0000;00.00.0000;09.02.2026;PLAN;Liberados;Cuidado Personal;Línea 1 LIQUIDOS 12 Picos;20.02.2026 - 22:02:04
ZP10;Orden de Proceso para Aceites;000020000415;1000;50001012;CHICCO BS ACEITE (28x100ML);8400,000;0,000;ST;300,000;0,000;CS;12.02.2026;09.03.2026;00.00.0000;00.00.0000;12.02.2026;PLAN;Liberados;Cuidado Personal;Línea Viscosos 12 Picos;20.02.2026 - 22:02:04
ZP11;Orden de Proceso para Champúes;000021000788;1000;50001016;CHICCO BS CHAMPU CABELLONORMAL(28x100ML);8764,000;0,000;ST;313,000;0,000;CS;03.02.2026;25.02.2026;00.00.0000;00.00.0000;03.02.2026;PLAN;Liberados;Cuidado Personal;Línea Viscosos 12 Picos;20.02.2026 - 22:02:04
ZP12;Orden de Proceso Cremas, Lociones y;000022001362;1000;50001019;CHICCO BS GEL ANTIBACTERIAL (28x100ML);8542,000;8542,000;ST;282,27;313,87;CS;22.01.2026;03.03.2026;05.02.2026;06.02.2026;03.02.2026;PLAN;Cerrado técnicamente;Cuidado Personal;Línea 3 Viscosos 1 Pico;20.02.2026 - 22:02:04
ZPP3;Orden de Fabricación-Cotoncitos;000013000506;1000;50001023;CHICCO BS COTONCITO (32x100UN);9280,000;0,000;PAQ;290,000;0,000;CS;20.02.2026;13.03.2026;00.00.0000;00.00.0000;12.02.2026;PLAN;Liberados;Cuidado Personal;LÍNEA COTONCITOS 1;20.02.2026 - 22:02:04
ZPP3;Orden de Fabricación-Cotoncitos;000013000505;1000;50001024;CHICCO BS COTONCITO (48x60UN);12000,000;5672,000;PAQ;250,000;118,167;CS;06.02.2026;03.03.2026;20.02.2026;20.02.2026;06.02.2026;PLAN;Liberados;Cuidado Personal;LÍNEA COTONCITOS 1;20.02.2026 - 22:02:04
ZP15;Orden de Proceso para Polvos;000025000760;1000;50001045;CHICCO BS TALCO (24x100G);5067,000;5067,000;ST;211,125;211,125;CS;20.01.2026;25.02.2026;03.02.2026;03.02.2026;02.02.2026;PLAN;Cerrado técnicamente;Cuidado Personal;Línea Llenado Talco V;20.02.2026 - 22:02:04
ZPP3;Orden de Fabricación-Cotoncitos;000013000507;1000;50001051;CHICCO BS COTONCITO(12x300UN PAGA 200UN);1980,000;0,000;PAQ;178,06;0,00;CS;20.02.2026;13.03.2026;00.00.0000;00.00.0000;12.02.2026;PLAN;Liberados;Cuidado Personal;LÍNEA COTONCITOS 1;20.02.2026 - 22:02:04
ZP16;Orden de Proceso para Soluciones;000026003825;1000;50001079;AMY SEC TH 99% AGUA (48x24UN);72000,000;31845,000;PAQ;1500,000;663,438;CS;09.02.2026;04.03.2026;19.02.2026;20.02.2026;09.02.2026;PLAN;Liberados;Cuidado Personal;Línea Travel Pack (TecnoWEB);20.02.2026 - 22:02:04
ZP11;Orden de Proceso para Champúes;000021000787;1000;50001102;CHICCO BS CHAMPU CABELLOOSCURO(10x400ML);2300,000;0,000;ST;230,000;0,000;CS;03.02.2026;25.02.2026;00.00.0000;00.00.0000;03.02.2026;PLAN;Liberados;Cuidado Personal;Línea Viscosos 12 Picos;20.02.2026 - 22:02:04
ZPP7;Orden de Fabricación-Promoción Pharsana;000017000011;1000;50001136;LADYFACE DISCOS DE ALG (8x80UN)PROMO3x2;6000,000;0,000;PAQ;750,000;0,000;CS;12.02.2026;11.03.2026;00.00.0000;00.00.0000;12.02.2026;PLAN;Liberados;Cuidado Personal;LÍNEA DESMAQUILLANTES;20.02.2026 - 22:02:04
ZPP4;Orden de Fabricación-Desmaquillantes;000014000133;1000;50001137;LADY FACE DISCOS DE ALGODON (24x80UN);6000,000;0,000;PAQ;250,000;0,000;CS;12.02.2026;10.03.2026;00.00.0000;00.00.0000;12.02.2026;PLAN;Liberados;Cuidado Personal;LÍNEA DESMAQUILLANTES;20.02.2026 - 22:02:04
ZP14;Orden de Proceso para Jabones;000024000186;1000;50001189;CHICCO BS JABON LIQUIDO(10x220ML);10922,000;10922,000;ST;1092,200;1092,200;CS;02.02.2026;27.02.2026;18.02.2026;20.02.2026;10.02.2026;PLAN;Liberados;Cuidado Personal;Línea Viscosos 12 Picos;20.02.2026 - 22:02:04
ZE13;Orden de Proceso para Colonias Export.;000060000298;1000;51000143;AMY COLONIA PARA BEBES (10x220ML)EXP;1100,000;0,000;ST;110,000;0,000;CS;09.02.2026;03.03.2026;00.00.0000;00.00.0000;09.02.2026;PLAN;Liberados;Cuidado Personal;Línea 1 LIQUIDOS 12 Picos;20.02.2026 - 22:02:04
ZE13;Orden de Proceso para Colonias Export.;000060000301;1000;51000143;AMY COLONIA PARA BEBES (10x220ML)EXP;1100,000;0,000;ST;110,000;0,000;CS;12.02.2026;09.03.2026;00.00.0000;00.00.0000;12.02.2026;PLAN;Liberados;Cuidado Personal;Línea 1 LIQUIDOS 12 Picos;20.02.2026 - 22:02:04
ZM11;Orden de Proceso-Wipes- Maquila;000081000040;1000;52000047;INTYLACT TH INTIMA MANZANILLA (32x20UN);20935,000;20935,000;PAQ;654,219;654,219;CS;05.02.2026;12.02.2026;05.02.2026;06.02.2026;03.02.2026;PLAN;Liberados;Cuidado Personal;Línea Travel Pack (TecnoWEB);20.02.2026 - 22:02:04
ZM11;Orden de Proceso-Wipes- Maquila;000081000047;1000;52000047;INTYLACT TH INTIMA MANZANILLA (32x20UN);1312,000;1312,000;PAQ;41,000;41,000;CS;12.02.2026;12.02.2026;12.02.2026;12.02.2026;12.02.2026;PLAN;Liberados;Cuidado Personal;Línea Travel Pack (TecnoWEB);20.02.2026 - 22:02:04
ZM11;Orden de Proceso-Wipes- Maquila;000081000046;1000;52000048;INTYLACT TH INTIMA ARANDANO (32x20UN);42833,000;42833,000;PAQ;1338,531;1338,531;CS;10.02.2026;18.02.2026;10.02.2026;13.02.2026;04.02.2026;PLAN;Liberados;Cuidado Personal;Línea Travel Pack (TecnoWEB);20.02.2026 - 22:02:04
ZM11;Orden de Proceso-Wipes- Maquila;000081000041;1000;52000069;BOROCANFOR ORIGINAL POLVO 60G (VITA);14711,000;14711,000;ST;612,958;612,958;CS;02.02.2026;27.02.2026;18.02.2026;20.02.2026;03.02.2026;PLAN;Liberados;Cuidado Personal;Línea Llenado Talco V;20.02.2026 - 22:02:04
ZM11;Orden de Proceso-Wipes- Maquila;000081000042;1000;52000069;BOROCANFOR ORIGINAL POLVO 60G (VITA);5920,000;0,000;ST;246,667;0,000;CS;03.02.2026;25.02.2026;00.00.0000;00.00.0000;03.02.2026;PLAN;Liberados;Cuidado Personal;Línea Llenado Talco V;20.02.2026 - 22:02:04
ZM11;Orden de Proceso-Wipes- Maquila;000081000043;1000;52000070;BOROCANFOR ORIGINAL POLVO 120 G (VITA);8391,000;8391,000;ST;349,625;349,625;CS;27.01.2026;23.02.2026;10.02.2026;12.02.2026;03.02.2026;PLAN;Cerrado técnicamente;Cuidado Personal;Línea Llenado Talco V;20.02.2026 - 22:02:04
ZM11;Orden de Proceso-Wipes- Maquila;000081000044;1000;52000070;BOROCANFOR ORIGINAL POLVO 120 G (VITA);4190,000;0,000;ST;174,583;0,000;CS;04.02.2026;26.02.2026;00.00.0000;00.00.0000;03.02.2026;PLAN;Liberados;Cuidado Personal;Línea Llenado Talco V;20.02.2026 - 22:02:04
ZM11;Orden de Proceso-Wipes- Maquila;000081000045;1000;52000074;ZOAH TH DESMAQUILLANTES (48X25UN);30000,000;0,000;PAQ;560,35;0,00;CS;04.02.2026;04.02.2026;00.00.0000;00.00.0000;04.02.2026;PLAN;Liberados;Cuidado Personal;Línea Travel Pack (TecnoWEB);20.02.2026 - 22:02:04
ZP11;Orden de Proceso para Champúes;21683982;1000;50000963;CHICCO BS CHAMPU CABELLONORMAL(10x200ML);4480,000;4480,000;ST;534,60;523,18;CS;27.01.2026;19.02.2026;10.02.2026;10.02.2026;05.02.2026;PLAN;Cerrado técnicamente;Cuidado Personal;Línea Viscosos 12 Picos;20.02.2026 - 22:02:04
ZP14;Orden de Proceso para Jabones;24324625;1000;40000486;MEZCLA PHARSANA INSTITUCIONAL JABON ANT;1520,000;0,000;KG;0,00;0,00;;12.02.2026;12.02.2026;00.00.0000;00.00.0000;12.02.2026;PLAN;Liberados;Materia Prima;Tanque zona fria 5500 Kg.;20.02.2026 - 22:02:04
ZP16;Orden de Proceso para Soluciones;26970423;1000;40000118;MEZCLA DE SOLUCIÓN PARA HISOPOS;100,000;100,000;KG;0,00;0,00;;06.02.2026;06.02.2026;11.02.2026;11.02.2026;06.02.2026;PLAN;Cerrado técnicamente;Materia Prima;Tanque zona caliente 1000 Kg.;20.02.2026 - 22:02:04
ZP13;Orden de Proceso para Colonias;23711185;1000;50000970;CHICCO BS COLONIA (10x220ML);62110,000;23120,000;ST;6949,02;1947,51;CS;03.02.2026;26.02.2026;18.02.2026;20.02.2026;03.02.2026;PLAN;Liberados;Cuidado Personal;Línea 1 LIQUIDOS 12 Picos;20.02.2026 - 22:02:04
ZP16;Orden de Proceso para Soluciones;26442052;1000;40000052;AGUA DESMINERALIZADA;6000,000;6000,000;KG;0,00;0,00;;03.02.2026;03.02.2026;11.02.2026;12.02.2026;03.02.2026;PLAN;Cerrado técnicamente;Materia Prima;Tanque zona fria 8500 Kg.;20.02.2026 - 22:02:04
ZP13;Orden de Proceso para Colonias;23308995;1000;50000902;AMY COLONIA PARA BEBES (10x220ML);9000,000;0,000;ST;1040,51;0,00;CS;11.02.2026;06.03.2026;00.00.0000;00.00.0000;11.02.2026;PLAN;Liberados;Cuidado Personal;Línea 1 LIQUIDOS 12 Picos;20.02.2026 - 22:02:04
ZP14;Orden de Proceso para Jabones;24533955;1000;50000918;PHARSANA JABON ANTIBACTERIAL 20 LT;24,000;0,000;ST;19,70;0,00;CS;12.02.2026;10.03.2026;00.00.0000;00.00.0000;12.02.2026;PLAN;Liberados;Cuidado Personal;Línea 3 Viscosos 1 Pico;20.02.2026 - 22:02:04
ZP13;Orden de Proceso para Colonias;23405838;1000;40000097;MEZCLA DE COLONIA CHICCO;6392,000;6392,000;KG;7284,24;5553,91;KG;06.02.2026;08.02.2026;06.02.2026;06.02.2026;03.02.2026;PLAN;Cerrado técnicamente;Materia Prima;Tanque  zona fria 2000 Kg.;20.02.2026 - 22:02:04
ZP13;Orden de Proceso para Colonias;23338671;1000;40000097;MEZCLA DE COLONIA CHICCO;6340,000;6340,000;KG;5830,02;4941,53;KG;11.02.2026;11.02.2026;11.02.2026;11.02.2026;03.02.2026;PLAN;Cerrado técnicamente;Materia Prima;Tanque  zona fria 2000 Kg.;20.02.2026 - 22:02:04
