Codigo_Mat;Denominacion Material;Centro;Almacen;C-B;LibreUt;Valor_Lut;Calidad;Valor_Cal;Bloqueado;Valor_Blo;Hora;TpMt;Categoria;Marca;Grupo;Sector;TextAlm;TextCent
50000010;CHICCO MOTAS DE ALGODON 100P..;1000;3000;CS;72,00;31017,60;0,000;0,00;0,750;323,10;27.02.2026 - 12:09:54;ZTEC;ALGODONES PT;Chicco;PH-Motas De Algodón;Cuidado Personal;3000-Prod. Terminado;1000-Pharsana Valencia
50000010;CHICCO MOTAS DE ALGODON 100P..;1001;3000;CS;345,00;148626,00;0,000;0,00;0,000;0,00;27.02.2026 - 12:09:54;ZTEC;ALGODONES PT;Chicco;PH-Motas De Algodón;Cuidado Personal;3000-ProdTerminado WM;1001-Pharsana Maracay
50000017;LADYFACE DISCOS DE ALGODON 80P;1001;3000;CS;321,00;257082,48;0,000;0,00;0,000;0,00;27.02.2026 - 12:09:54;ZTEC;ALGODONES PT;Lady Face;PH-Cotton Round;Cuidado Personal;3000-ProdTerminado WM;1001-Pharsana Maracay
50000048;CHICCO CHAMPU ORIGINAL 200 CC;1001;3000;CS;77,00;47462,80;0,000;0,00;0,000;0,00;27.02.2026 - 12:09:54;ZTEC;HIGIENE PERSONAL;Chicco;PH-Champú;Cuidado Personal;3000-ProdTerminado WM;1001-Pharsana Maracay
50000063;CHICCO ACEITE CREMOSO 100CC;1001;3000;CS;153,00;102118,32;0,000;0,00;0,000;0,00;27.02.2026 - 12:09:54;ZTEC;HIGIENE PERSONAL;Chicco;PH-Aceite;Cuidado Personal;3000-ProdTerminado WM;1001-Pharsana Maracay
50000064;CHICCO LOCION 100CC;1001;3000;CS;435,00;268308,00;0,000;0,00;0,000;0,00;27.02.2026 - 12:09:54;ZTEC;HIGIENE PERSONAL;Chicco;PH-Loción;Cuidado Personal;3000-ProdTerminado WM;1001-Pharsana Maracay
50000066;CHICCO CHAMPU ORIGINAL 100CCC;1001;3000;CS;59,00;43272,96;1,000;733,44;0,000;0,00;27.02.2026 - 12:09:54;ZTEC;HIGIENE PERSONAL;Chicco;PH-Champú;Cuidado Personal;3000-ProdTerminado WM;1001-Pharsana Maracay
50000067;CHICCO CHAMPU MANZANILLA 100CC;1001;3000;CS;928,00;736757,76;0,000;0,00;0,000;0,00;27.02.2026 - 12:09:54;ZTEC;HIGIENE PERSONAL;Chicco;PH-Champú;Cuidado Personal;3000-ProdTerminado WM;1001-Pharsana Maracay
50000106;AMY TALCO 200G;1000;3000;CS;112,00;144748,80;0,000;0,00;1,667;2154,00;27.02.2026 - 12:09:54;ZTEC;HIGIENE PERSONAL;Amy;PH-Talco;Cuidado Personal;3000-Prod. Terminado;1000-Pharsana Valencia
50000106;AMY TALCO 200G;1001;3000;CS;287,00;370918,80;0,000;0,00;0,000;0,00;27.02.2026 - 12:09:54;ZTEC;HIGIENE PERSONAL;Amy;PH-Talco;Cuidado Personal;3000-ProdTerminado WM;1001-Pharsana Maracay
50000373;FRIENDS PD REGULAR S/P (12X40);1001;3000;CS;2909,00;723991,92;0,000;0,00;0,000;0,00;27.02.2026 - 12:09:54;ZTEC;ABSORBENTES FEMENINA;Friends;PH-Protector Diario;Absorbentes;3000-ProdTerminado WM;1001-Pharsana Maracay
50000532;AMY CHAMPU 200CC OVAL;1001;3000;CS;160,00;77776,00;0,000;0,00;0,000;0,00;27.02.2026 - 12:09:54;ZTEC;HIGIENE PERSONAL;Amy;PH-Champú;Cuidado Personal;3000-ProdTerminado WM;1001-Pharsana Maracay
50000443;AMY HISOPOS (48x60UN)x1;1001;3000;CS;281,00;142837,92;0,000;0,00;0,000;0,00;27.02.2026 - 12:09:54;ZTEC;ALGODONES PT;Amy;PH-Hisopos;Cuidado Personal;3000-ProdTerminado WM;1001-Pharsana Maracay
50000554;FRIENDS PD MANZANILLA (12X40);1001;3000;CS;2362,00;630087,12;0,000;0,00;0,000;0,00;27.02.2026 - 12:09:54;ZTEC;ABSORBENTES FEMENINA;Friends;PH-Protector Diario;Absorbentes;3000-ProdTerminado WM;1001-Pharsana Maracay
50000495;AMY LOCION OVAL 200 CC;1001;3000;CS;476,00;238190,40;0,000;0,00;0,000;0,00;27.02.2026 - 12:09:54;ZTEC;HIGIENE PERSONAL;Amy;PH-Loción;Cuidado Personal;3000-ProdTerminado WM;1001-Pharsana Maracay
50000517;123456789 123456789 123456789 0123456789;1001;3000;CS;300,00;98712,00;0,000;0,00;0,000;0,00;27.02.2026 - 12:09:54;ZTEC;ALGODONES PT;Amy;PH-Motas De Algodón;Cuidado Personal;3000-ProdTerminado WM;1001-Pharsana Maracay
50000626;SECUREZZA CLASSIC M REG (6x6);1001;3000;PAK;2888,00;1551375,84;0,000;0,00;0,000;0,00;27.02.2026 - 12:09:54;ZTEC;INCONTINENCIA;Securezza;PH-Protector Incont.;Absorbentes;3000-ProdTerminado WM;1001-Pharsana Maracay
50000632;SECUREZZA POST PARTO PREMIUM (12X10);1001;3000;PAK;1749,00;498674,88;0,000;0,00;0,000;0,00;27.02.2026 - 12:09:54;ZTEC;INCONTINENCIA;Securezza;PH-Toalla Post-Parto;Absorbentes;3000-ProdTerminado WM;1001-Pharsana Maracay
50000639;SIEMPRE SECO BASICO M (6X6);1001;3000;PAK;1034,00;352263,12;0,000;0,00;0,000;0,00;27.02.2026 - 12:09:54;ZTEC;INCONTINENCIA;Siempre Seco;PH-Protector Incont.;Absorbentes;3000-ProdTerminado WM;1001-Pharsana Maracay
50000640;SIEMPRE SECO BASICO G (6X6);1001;3000;PAK;1188,00;437302,80;0,000;0,00;0,000;0,00;27.02.2026 - 12:09:54;ZTEC;INCONTINENCIA;Siempre Seco;PH-Protector Incont.;Absorbentes;3000-ProdTerminado WM;1001-Pharsana Maracay
50001039;CHICCO JABON EN BARRA PARA NIÑOS 90G;1001;3000;CS;442,00;491283,00;0,000;0,00;0,000;0,00;27.02.2026 - 12:09:54;ZTEC;HIGIENE PERSONAL;Chicco;PH-Jabon en barra;Cuidado Personal;3000-ProdTerminado WM;1001-Pharsana Maracay
50000921;SECUREZZA COMFORT M REG (6x6);1001;3000;PAK;1339,00;796410,42;0,000;0,00;0,000;0,00;27.02.2026 - 12:09:54;ZTEC;INCONTINENCIA;Securezza;PH-Protector Incont.;Absorbentes;3000-ProdTerminado WM;1001-Pharsana Maracay
50000922;SECUREZZA COMFORT L REG (6x6);1001;3000;PAK;100,00;68688,00;0,000;0,00;0,000;0,00;27.02.2026 - 12:09:54;ZTEC;INCONTINENCIA;Securezza;PH-Protector Incont.;Absorbentes;3000-ProdTerminado WM;1001-Pharsana Maracay
50000949;PHARSANA TALCO CORPORAL ANTIB. 150G;1001;3000;CS;634,00;477972,60;0,000;0,00;0,000;0,00;27.02.2026 - 12:09:54;ZTEC;HIGIENE PERSONAL;Pharsana;PH-Talco;Cuidado Personal;3000-ProdTerminado WM;1001-Pharsana Maracay
50000951;SECUREZZA BODYCARE LOCION HIDRATAN 350ML;1001;3000;CS;421,00;364804,92;0,000;0,00;0,000;0,00;27.02.2026 - 12:09:54;ZTEC;HIGIENE PERSONAL;Securezza;PH-Loción;Cuidado Personal;3000-ProdTerminado WM;1001-Pharsana Maracay
50000953;SECUREZZA BODYCARE JABON LIQ CORPO 200ML;1001;3000;CS;408,00;302572,80;0,000;0,00;0,000;0,00;27.02.2026 - 12:09:54;ZTEC;HIGIENE PERSONAL;Securezza;PH-Jabón Líquido;Cuidado Personal;3000-ProdTerminado WM;1001-Pharsana Maracay
50000955;SECUREZZA BC CREMA DERMO PROTECTORA 130G;1001;3000;CS;465,00;618431,40;0,000;0,00;0,000;0,00;27.02.2026 - 12:09:54;ZTEC;HIGIENE PERSONAL;Securezza;PH-Crema Protectoras;Cuidado Personal;3000-ProdTerminado WM;1001-Pharsana Maracay
50000956;SECUREZZA BODYCARE TH CORPORALES 54UN;1000;3000;CS;262,00;141008,40;0,000;0,00;0,000;0,00;27.02.2026 - 12:09:54;ZTEC;TOALLAS HUMEDAS;Securezza;PH-TH Flow Pack;Cuidado Personal;3000-Prod. Terminado;1000-Pharsana Valencia
50000956;SECUREZZA BODYCARE TH CORPORALES 54UN;1001;3000;CS;231,00;124324,20;0,000;0,00;0,000;0,00;27.02.2026 - 12:09:54;ZTEC;TOALLAS HUMEDAS;Securezza;PH-TH Flow Pack;Cuidado Personal;3000-ProdTerminado WM;1001-Pharsana Maracay
50000957;SECUREZZA PROTECTOR DE CAMA (6X10);1001;3000;PAK;487,00;251964,06;0,000;0,00;0,000;0,00;27.02.2026 - 12:09:54;ZTEC;INCONTINENCIA;Securezza;PH-Protector de Cama;Absorbentes;3000-ProdTerminado WM;1001-Pharsana Maracay
50000963;CHICCO CHAMPU ORIGINAL 200 ML;1000;3000;CS;198,00;116503,20;0,000;0,00;0,000;0,00;27.02.2026 - 12:09:54;ZTEC;HIGIENE PERSONAL;Chicco;PH-Champú;Cuidado Personal;3000-Prod. Terminado;1000-Pharsana Valencia
50000963;CHICCO CHAMPU ORIGINAL 200 ML;1001;3000;CS;698,00;410703,20;0,000;0,00;0,000;0,00;27.02.2026 - 12:09:54;ZTEC;HIGIENE PERSONAL;Chicco;PH-Champú;Cuidado Personal;3000-ProdTerminado WM;1001-Pharsana Maracay
50000964;CHICCO CHAMPU MANZANILLA 200 ML;1001;3000;CS;722,00;422658,80;0,000;0,00;0,000;0,00;27.02.2026 - 12:09:54;ZTEC;HIGIENE PERSONAL;Chicco;PH-Champú;Cuidado Personal;3000-ProdTerminado WM;1001-Pharsana Maracay
50000965;CHICCO LOCION 200 ML;1001;3000;CS;262,00;134772,80;0,000;0,00;0,000;0,00;27.02.2026 - 12:09:54;ZTEC;HIGIENE PERSONAL;Chicco;PH-Loción;Cuidado Personal;3000-ProdTerminado WM;1001-Pharsana Maracay
50000968;CHICCO JABON LIQUIDO 200 ML;1000;3000;CS;350,00;208880,00;0,000;0,00;0,000;0,00;27.02.2026 - 12:09:54;ZTEC;HIGIENE PERSONAL;Chicco;PH-Jabón Líquido;Cuidado Personal;3000-Prod. Terminado;1000-Pharsana Valencia
50000968;CHICCO JABON LIQUIDO 200 ML;1001;3000;CS;410,00;244688,00;0,000;0,00;0,000;0,00;27.02.2026 - 12:09:54;ZTEC;HIGIENE PERSONAL;Chicco;PH-Jabón Líquido;Cuidado Personal;3000-ProdTerminado WM;1001-Pharsana Maracay
50000969;CHICCO TALCO 200 G;1000;3000;CS;60,17;80243,08;0,000;0,00;0,000;0,00;27.02.2026 - 12:09:54;ZTEC;HIGIENE PERSONAL;Chicco;PH-Talco;Cuidado Personal;3000-Prod. Terminado;1000-Pharsana Valencia
50000969;CHICCO TALCO 200 G;1001;3000;CS;448,00;597488,64;0,000;0,00;0,000;0,00;27.02.2026 - 12:09:54;ZTEC;HIGIENE PERSONAL;Chicco;PH-Talco;Cuidado Personal;3000-ProdTerminado WM;1001-Pharsana Maracay
50000970;CHICCO COLONIA 220 ML;1000;3000;CS;1528,00;847123,20;0,000;0,00;0,000;0,00;27.02.2026 - 12:09:54;ZTEC;HIGIENE PERSONAL;Chicco;PH-Colonia;Cuidado Personal;3000-Prod. Terminado;1000-Pharsana Valencia
50000970;CHICCO COLONIA 220 ML;1001;3000;CS;1512,00;838252,80;0,000;0,00;0,000;0,00;27.02.2026 - 12:09:54;ZTEC;HIGIENE PERSONAL;Chicco;PH-Colonia;Cuidado Personal;3000-ProdTerminado WM;1001-Pharsana Maracay
50000971;CHICCO ACEITE 220 ML;1001;3000;CS;415,00;251448,50;0,000;0,00;0,000;0,00;27.02.2026 - 12:09:54;ZTEC;HIGIENE PERSONAL;Chicco;PH-Aceite;Cuidado Personal;3000-ProdTerminado WM;1001-Pharsana Maracay
50000974;CHICCO TH ORIGINAL 72P;1000;3000;CS;0,00;0,00;0,000;0,00;0,583;472,78;27.02.2026 - 12:09:54;ZTEC;TOALLAS HUMEDAS;Chicco;PH-TH Flow Pack;Cuidado Personal;3000-Prod. Terminado;1000-Pharsana Valencia
50000974;CHICCO TH ORIGINAL 72P;1001;3000;CS;75,00;60786,00;0,000;0,00;0,000;0,00;27.02.2026 - 12:09:54;ZTEC;TOALLAS HUMEDAS;Chicco;PH-TH Flow Pack;Cuidado Personal;3000-ProdTerminado WM;1001-Pharsana Maracay
50000975;CHICCO TH ORIGINAL 48P;1000;3000;CS;0,00;0,00;0,000;0,00;1,200;608,40;27.02.2026 - 12:09:54;ZTEC;TOALLAS HUMEDAS;Chicco;PH-Colonia;Cuidado Personal;3000-Prod. Terminado;1000-Pharsana Valencia
50000975;CHICCO TH ORIGINAL 48P;1001;3000;CS;19,00;9633,00;0,000;0,00;0,000;0,00;27.02.2026 - 12:09:54;ZTEC;TOALLAS HUMEDAS;Chicco;PH-Colonia;Cuidado Personal;3000-ProdTerminado WM;1001-Pharsana Maracay
50000976;CHICCO TH ORIGINAL 24UN;1000;3000;CS;0,00;0,00;0,000;0,00;0,850;459,00;27.02.2026 - 12:09:54;ZTEC;TOALLAS HUMEDAS;Chicco;PH-TH Flow Pack;Cuidado Personal;3000-Prod. Terminado;1000-Pharsana Valencia
50000981;SIEMPRE SECO PROTECTOR DE CAMA HB (4X20);1001;3000;PAK;171,00;98755,92;0,000;0,00;0,000;0,00;27.02.2026 - 12:09:54;ZTEC;INCONTINENCIA;Siempre Seco;PH-Protector de Cama;Absorbentes;3000-ProdTerminado WM;1001-Pharsana Maracay
50000986;CHICCO CHAMPU ROMERO 200 ML;1001;3000;CS;408,00;239944,80;0,000;0,00;0,000;0,00;27.02.2026 - 12:09:54;ZTEC;HIGIENE PERSONAL;Chicco;PH-Champú;Cuidado Personal;3000-ProdTerminado WM;1001-Pharsana Maracay
50000990;CHICCO PAÑAL DE NIÑO M REG (8X20);1001;3000;PAK;88,00;66654,72;0,000;0,00;0,000;0,00;27.02.2026 - 12:09:54;ZTEC;ABSORBENTES NIÑOS;Chicco;PH-Pañal Anatóm. T3;Absorbentes;3000-ProdTerminado WM;1001-Pharsana Maracay
50000992;CHICCO PAÑAL DE NIÑO G REG (8X20);1001;3000;PAK;35,00;28238,00;0,000;0,00;0,000;0,00;27.02.2026 - 12:09:54;ZTEC;ABSORBENTES NIÑOS;Chicco;PH-Pañal Anatóm. T3;Absorbentes;3000-ProdTerminado WM;1001-Pharsana Maracay
50000993;CHICCO PAÑAL DE NIÑO XG REG (8X20);1001;3000;PAK;163,00;135629,04;0,000;0,00;0,000;0,00;27.02.2026 - 12:09:54;ZTEC;ABSORBENTES NIÑOS;Chicco;PH-Pañal Anatóm. T3;Absorbentes;3000-ProdTerminado WM;1001-Pharsana Maracay
50001002;CHICCO CREMA PROTECTORA 80G;1001;3000;CS;250,00;197440,00;0,000;0,00;0,000;0,00;27.02.2026 - 12:09:54;ZTEC;HIGIENE PERSONAL;Chicco;PH-Crema Protectoras;Cuidado Personal;3000-ProdTerminado WM;1001-Pharsana Maracay
50001005;AMY SEC TH MANZANILLA 72P (24);1000;3000;CS;30,00;19116,00;0,000;0,00;0,000;0,00;27.02.2026 - 12:09:54;ZTEC;TOALLAS HUMEDAS;Amy;PH-TH Flow Pack;Cuidado Personal;3000-Prod. Terminado;1000-Pharsana Valencia
50001005;AMY SEC TH MANZANILLA 72P (24);1001;3000;CS;452,00;288014,40;0,000;0,00;0,000;0,00;27.02.2026 - 12:09:54;ZTEC;TOALLAS HUMEDAS;Amy;PH-TH Flow Pack;Cuidado Personal;3000-ProdTerminado WM;1001-Pharsana Maracay
50001006;CHICCO ACEITE CREMOSO 200 ML;1001;3000;CS;824,00;458720,80;0,000;0,00;0,000;0,00;27.02.2026 - 12:09:54;ZTEC;HIGIENE PERSONAL;Chicco;PH-Aceite;Cuidado Personal;3000-ProdTerminado WM;1001-Pharsana Maracay
50001009;CHICCO CHAMPU ROMERO 100 ML;1000;3000;CS;0,00;0,00;0,000;0,00;0,786;640,42;27.02.2026 - 12:09:54;ZTEC;HIGIENE PERSONAL;Chicco;PH-Champú;Cuidado Personal;3000-Prod. Terminado;1000-Pharsana Valencia
50001009;CHICCO CHAMPU ROMERO 100 ML;1001;3000;CS;228,00;185838,24;0,000;0,00;0,000;0,00;27.02.2026 - 12:09:54;ZTEC;HIGIENE PERSONAL;Chicco;PH-Champú;Cuidado Personal;3000-ProdTerminado WM;1001-Pharsana Maracay
50001011;CHICCO COLONIA 100ML;1000;3000;CS;108,00;98703,36;0,000;0,00;0,000;0,00;27.02.2026 - 12:09:54;ZTEC;HIGIENE PERSONAL;Chicco;PH-Colonia;Cuidado Personal;3000-Prod. Terminado;1000-Pharsana Valencia
50001011;CHICCO COLONIA 100ML;1001;3000;CS;705,00;644313,60;0,000;0,00;0,000;0,00;27.02.2026 - 12:09:54;ZTEC;HIGIENE PERSONAL;Chicco;PH-Colonia;Cuidado Personal;3000-ProdTerminado WM;1001-Pharsana Maracay
50001012;CHICCO ACEITE PARA NIÑOS 100ML;1001;3000;CS;124,00;108500,00;0,000;0,00;0,000;0,00;27.02.2026 - 12:09:54;ZTEC;HIGIENE PERSONAL;Chicco;PH-Aceite;Cuidado Personal;3000-ProdTerminado WM;1001-Pharsana Maracay
50001015;CHICCO CHAMPU MANZANILLA 100ML;1001;3000;CS;407,00;329686,28;0,000;0,00;0,000;0,00;27.02.2026 - 12:09:54;ZTEC;HIGIENE PERSONAL;Chicco;PH-Champú;Cuidado Personal;3000-ProdTerminado WM;1001-Pharsana Maracay
50001016;CHICCO CHAMPU ORIGINAL 100ML;1000;3000;CS;140,00;114032,80;0,000;0,00;0,000;0,00;27.02.2026 - 12:09:54;ZTEC;HIGIENE PERSONAL;Chicco;PH-Champú;Cuidado Personal;3000-Prod. Terminado;1000-Pharsana Valencia
50001016;CHICCO CHAMPU ORIGINAL 100ML;1001;3000;CS;372,00;303001,44;0,000;0,00;0,000;0,00;27.02.2026 - 12:09:54;ZTEC;HIGIENE PERSONAL;Chicco;PH-Champú;Cuidado Personal;3000-ProdTerminado WM;1001-Pharsana Maracay
50001019;CHICCO GEL ANTIBACTERIAL 100 ML;1000;3000;CS;0,00;0,00;0,000;0,00;1,357;1029,42;27.02.2026 - 12:09:54;ZTEC;HIGIENE PERSONAL;Chicco;PH-Gel Antibacterial;Cuidado Personal;3000-Prod. Terminado;1000-Pharsana Valencia
50001019;CHICCO GEL ANTIBACTERIAL 100 ML;1001;3000;CS;482,00;365606,64;0,000;0,00;0,000;0,00;27.02.2026 - 12:09:54;ZTEC;HIGIENE PERSONAL;Chicco;PH-Gel Antibacterial;Cuidado Personal;3000-ProdTerminado WM;1001-Pharsana Maracay
50001020;CHICCO LOCION 100 ML;1001;3000;CS;503,00;358015,28;0,000;0,00;0,000;0,00;27.02.2026 - 12:09:54;ZTEC;HIGIENE PERSONAL;Chicco;PH-Loción;Cuidado Personal;3000-ProdTerminado WM;1001-Pharsana Maracay
50001021;SECUREZZA POST PARTO  (12X15);1001;3000;PAK;464,00;173053,44;0,000;0,00;0,000;0,00;27.02.2026 - 12:09:54;ZTEC;INCONTINENCIA;Securezza;PH-Toalla Post-Parto;Absorbentes;3000-ProdTerminado WM;1001-Pharsana Maracay
50001023;CHICCO BS COTONCITO (32x100UN)x2;1001;3000;CS;11,00;5730,56;0,000;0,00;0,000;0,00;27.02.2026 - 12:09:54;ZTEC;ALGODONES PT;Chicco;PH-Hisopos;Cuidado Personal;3000-ProdTerminado WM;1001-Pharsana Maracay
50001024;CHICCO COTONCITO 60 PZA;1001;3000;CS;281,00;154977,12;0,000;0,00;0,000;0,00;27.02.2026 - 12:09:54;ZTEC;ALGODONES PT;Chicco;PH-Hisopos;Cuidado Personal;3000-ProdTerminado WM;1001-Pharsana Maracay
50001026;BASTONCITO PARA HISOPOS (NACIONAL PH);1000;3000;CS;0,00;0,00;0,000;0,00;0,000;0,00;27.02.2026 - 12:09:54;ZTEC;ALGODONES PT;Pharsana;PH-Hisopos;Cuidado Personal;3000-Prod. Terminado;1000-Pharsana Valencia
50001027;FRIENDS PD REGULAR S/P (12X60);1001;3000;PAK;1318,00;378160,56;0,000;0,00;0,000;0,00;27.02.2026 - 12:09:54;ZTEC;ABSORBENTES FEMENINA;Friends;PH-Protector Diario;Absorbentes;3000-ProdTerminado WM;1001-Pharsana Maracay
50001074;CHICCO KIT CHAMPU ORI LOCION COLONIA 200;1001;3000;CS;3,00;5011,20;0,000;0,00;0,000;0,00;27.02.2026 - 12:09:54;ZTEC;HIGIENE PERSONAL;Chicco;PH- Kit Cosmética;Cuidado Personal;3000-ProdTerminado WM;1001-Pharsana Maracay
50001078;SECUREZZA PANTS XL (8X10);1001;3000;PAK;798,00;1005416,16;0,000;0,00;0,000;0,00;27.02.2026 - 12:09:54;ZTEC;INCONTINENCIA;Securezza;PH-Pañal Pull Up;Absorbentes;3000-ProdTerminado WM;1001-Pharsana Maracay
50001079;AMY SEC TH 24P 99% AGUA;1000;3000;CS;0,00;0,00;0,000;0,00;1,979;1186,55;27.02.2026 - 12:09:54;ZTEC;TOALLAS HUMEDAS;Amy;PH-TH Travel Pack;Cuidado Personal;3000-Prod. Terminado;1000-Pharsana Valencia
50001079;AMY SEC TH 24P 99% AGUA;1001;3000;CS;11,00;6594,72;0,000;0,00;0,000;0,00;27.02.2026 - 12:09:54;ZTEC;TOALLAS HUMEDAS;Amy;PH-TH Travel Pack;Cuidado Personal;3000-ProdTerminado WM;1001-Pharsana Maracay
50001084;CHICCO TH ORIGINAL 24P (TRAVEL);1000;3000;CS;0,00;0,00;0,000;0,00;0,833;600,40;27.02.2026 - 12:09:54;ZTEC;TOALLAS HUMEDAS;Chicco;PH-TH Travel Pack;Cuidado Personal;3000-Prod. Terminado;1000-Pharsana Valencia
50001084;CHICCO TH ORIGINAL 24P (TRAVEL);1001;3000;CS;74,00;53315,52;0,000;0,00;0,000;0,00;27.02.2026 - 12:09:54;ZTEC;TOALLAS HUMEDAS;Chicco;PH-TH Travel Pack;Cuidado Personal;3000-ProdTerminado WM;1001-Pharsana Maracay
50001045;CHICCO TALCO 100G;1000;3000;CS;0,00;0,00;0,000;0,00;0,458;495,33;27.02.2026 - 12:09:54;ZTEC;HIGIENE PERSONAL;Chicco;PH-Talco;Cuidado Personal;3000-Prod. Terminado;1000-Pharsana Valencia
50001045;CHICCO TALCO 100G;1001;3000;CS;381,00;411754,32;0,000;0,00;0,000;0,00;27.02.2026 - 12:09:54;ZTEC;HIGIENE PERSONAL;Chicco;PH-Talco;Cuidado Personal;3000-ProdTerminado WM;1001-Pharsana Maracay
50001095;SECUREZZA PANTS M (8X10);1001;3000;PAK;121,00;126924,16;0,000;0,00;0,000;0,00;27.02.2026 - 12:09:54;ZTEC;INCONTINENCIA;Securezza;PH-Pañal Pull Up;Absorbentes;3000-ProdTerminado WM;1001-Pharsana Maracay
50001097;SECUREZZA PANTS L (8X10);1001;3000;PAK;247,00;282824,88;0,000;0,00;0,000;0,00;27.02.2026 - 12:09:54;ZTEC;INCONTINENCIA;Securezza;PH-Pañal Pull Up;Absorbentes;3000-ProdTerminado WM;1001-Pharsana Maracay
50001100;CHICCO CHAMPU ORIGINAL 400 ML;1000;3000;CS;802,00;726932,80;0,000;0,00;0,000;0,00;27.02.2026 - 12:09:54;ZTEC;HIGIENE PERSONAL;Chicco;PH-Champú;Cuidado Personal;3000-Prod. Terminado;1000-Pharsana Valencia
50001100;CHICCO CHAMPU ORIGINAL 400 ML;1001;3000;CS;1198,00;1085867,20;0,000;0,00;0,000;0,00;27.02.2026 - 12:09:54;ZTEC;HIGIENE PERSONAL;Chicco;PH-Champú;Cuidado Personal;3000-ProdTerminado WM;1001-Pharsana Maracay
50001101;CHICCO CHAMPU MANZANILLA 400 ML;1000;3000;CS;210,00;188790,00;0,000;0,00;0,000;0,00;27.02.2026 - 12:09:54;ZTEC;HIGIENE PERSONAL;Chicco;PH-Champú;Cuidado Personal;3000-Prod. Terminado;1000-Pharsana Valencia
50001101;CHICCO CHAMPU MANZANILLA 400 ML;1001;3000;CS;1048,00;942152,00;0,000;0,00;0,000;0,00;27.02.2026 - 12:09:54;ZTEC;HIGIENE PERSONAL;Chicco;PH-Champú;Cuidado Personal;3000-ProdTerminado WM;1001-Pharsana Maracay
50001102;CHICCO CHAMPU ROMERO 400 ML;1000;3000;CS;324,00;292280,40;0,000;0,00;0,000;0,00;27.02.2026 - 12:09:54;ZTEC;HIGIENE PERSONAL;Chicco;PH-Champú;Cuidado Personal;3000-Prod. Terminado;1000-Pharsana Valencia
50001102;CHICCO CHAMPU ROMERO 400 ML;1001;3000;CS;255,00;230035,50;0,000;0,00;0,000;0,00;27.02.2026 - 12:09:54;ZTEC;HIGIENE PERSONAL;Chicco;PH-Champú;Cuidado Personal;3000-ProdTerminado WM;1001-Pharsana Maracay
50001103;CHICCO PROMO TALCO 200G + 100G GRATIS;1001;3000;CS;111,00;145600,92;0,000;0,00;0,000;0,00;27.02.2026 - 12:09:54;ZTEC;HIGIENE PERSONAL;Chicco;PH-Talco;Cuidado Personal;3000-ProdTerminado WM;1001-Pharsana Maracay
50001106;FRIENDS PD REGULAR S/P (12X40);1001;3000;PAK;87,00;21475,08;0,000;0,00;0,000;0,00;27.02.2026 - 12:09:54;ZTEC;ABSORBENTES FEMENINA;Friends;PH-Protector Diario;Absorbentes;3000-ProdTerminado WM;1001-Pharsana Maracay
50001107;FRIENDS PD REGULAR S/P (12X60);1001;3000;PAK;1729,00;519944,88;0,000;0,00;0,000;0,00;27.02.2026 - 12:09:54;ZTEC;ABSORBENTES FEMENINA;Friends;PH-Protector Diario;Absorbentes;3000-ProdTerminado WM;1001-Pharsana Maracay
50001108;FRIENDS TS XTREME SEC REGULAR (12x14);1001;3000;PAK;184,00;63369,60;0,000;0,00;0,000;0,00;27.02.2026 - 12:09:54;ZTEC;ABSORBENTES FEMENINA;Friends;PH-Toalla Sanitaria;Absorbentes;3000-ProdTerminado WM;1001-Pharsana Maracay
50001109;FRIENDS TS TELA REGULAR (12x14);1001;3000;PAK;238,00;81053,28;0,000;0,00;0,000;0,00;27.02.2026 - 12:09:54;ZTEC;ABSORBENTES FEMENINA;Friends;PH-Toalla Sanitaria;Absorbentes;3000-ProdTerminado WM;1001-Pharsana Maracay
50001110;FRIENDS PD MANZANILLA (12X40);1001;3000;PAK;217,00;57209,88;0,000;0,00;0,000;0,00;27.02.2026 - 12:09:54;ZTEC;ABSORBENTES FEMENINA;Friends;PH-Protector Diario;Absorbentes;3000-ProdTerminado WM;1001-Pharsana Maracay
50001111;FRIENDS TS NOCTURNA SIN ALAS (12X10);1001;3000;PAK;354,00;115545,60;0,000;0,00;0,000;0,00;27.02.2026 - 12:09:54;ZTEC;ABSORBENTES FEMENINA;Friends;PH-Toalla Sanitaria;Absorbentes;3000-ProdTerminado WM;1001-Pharsana Maracay
50001117;ACTIVA ROPA INTERIOR DESECH S/M (4X10);1001;3000;PAK;1291,00;287841,36;0,000;0,00;0,000;0,00;27.02.2026 - 12:09:54;ZTEC;INCONTINENCIA;Activa;PH-Pañal Pull Up;Absorbentes;3000-ProdTerminado WM;1001-Pharsana Maracay
50001118;ACTIVA ROPA INTERIOR DESECH L/XL (4X10);1001;3000;PAK;1532,00;359897,44;0,000;0,00;0,000;0,00;27.02.2026 - 12:09:54;ZTEC;INCONTINENCIA;Activa;PH-Pañal Pull Up;Absorbentes;3000-ProdTerminado WM;1001-Pharsana Maracay
50001046;CHICCO ACEITE CREMOSO 100ML;1001;3000;CS;264,00;199879,68;0,000;0,00;0,000;0,00;27.02.2026 - 12:09:54;ZTEC;HIGIENE PERSONAL;Chicco;PH-Aceite;Cuidado Personal;3000-ProdTerminado WM;1001-Pharsana Maracay
50001049;SECUREZZA COMFORT M LLEVA 20/16 (4x20);1001;3000;PAK;6,00;6130,08;0,000;0,00;0,000;0,00;27.02.2026 - 12:09:54;ZTEC;INCONTINENCIA;Securezza;PH-Protector Incont.;Absorbentes;3000-ProdTerminado WM;1001-Pharsana Maracay
50001050;SECUREZZA COMFORT L LLEVA 20/16 (4x20);1001;3000;PAK;3,00;3671,16;0,000;0,00;0,000;0,00;27.02.2026 - 12:09:54;ZTEC;INCONTINENCIA;Securezza;PH-Protector Incont.;Absorbentes;3000-ProdTerminado WM;1001-Pharsana Maracay
50001051;CHICCO PROMO COTONCITO 300P PAGA 200P;1001;3000;CS;253,00;133857,24;0,000;0,00;0,000;0,00;27.02.2026 - 12:09:54;ZTEC;ALGODONES PT;Chicco;PH-Hisopos;Cuidado Personal;3000-ProdTerminado WM;1001-Pharsana Maracay
50001052;CHICCO PROMO COTONCITO 180P PAGA 120P;1001;3000;CS;433,00;192667,68;0,000;0,00;0,000;0,00;27.02.2026 - 12:09:54;ZTEC;ALGODONES PT;Chicco;PH-Hisopos;Cuidado Personal;3000-ProdTerminado WM;1001-Pharsana Maracay
50001054;CHICCO PROMO MOTAS ALGODON 100P PAGA 80P;1000;3000;CS;0,00;0,00;0,000;0,00;0,750;358,56;27.02.2026 - 12:09:54;ZTEC;ALGODONES PT;Chicco;PH-Motas De Algodón;Cuidado Personal;3000-Prod. Terminado;1000-Pharsana Valencia
50001054;CHICCO PROMO MOTAS ALGODON 100P PAGA 80P;1001;3000;CS;205,00;98006,40;0,000;0,00;0,000;0,00;27.02.2026 - 12:09:54;ZTEC;ALGODONES PT;Chicco;PH-Motas De Algodón;Cuidado Personal;3000-ProdTerminado WM;1001-Pharsana Maracay
50001056;LADY FACE TH PREVENIR ACNE 24P;1001;3000;CS;379,00;210572,40;0,000;0,00;0,000;0,00;27.02.2026 - 12:09:54;ZTEC;TOALLAS HUMEDAS;Lady Face;PH-TH Travel Pack;Cuidado Personal;3000-ProdTerminado WM;1001-Pharsana Maracay
50001057;FRIENDS TH INTIMA 24P;1001;3000;CS;505,00;221190,00;0,000;0,00;0,000;0,00;27.02.2026 - 12:09:54;ZTEC;TOALLAS HUMEDAS;Friends;PH-TH Travel Pack;Cuidado Personal;3000-ProdTerminado WM;1001-Pharsana Maracay
50001066;FRIENDS TS ULTRADELGA (36X10);1001;3000;CS;1669,00;1193869,08;0,000;0,00;0,000;0,00;27.02.2026 - 12:09:54;ZTEC;ABSORBENTES FEMENINA;Friends;PH-Toalla Sanitaria;Absorbentes;3000-ProdTerminado WM;1001-Pharsana Maracay
50001067;FRIENDS TS NOCTURNA CON ALAS (36X10);1001;3000;CS;1771,00;2247399,00;0,000;0,00;0,000;0,00;27.02.2026 - 12:09:54;ZTEC;ABSORBENTES FEMENINA;Friends;PH-Toalla Sanitaria;Absorbentes;3000-ProdTerminado WM;1001-Pharsana Maracay
50001068;FRIENDS TS NOCTUR/ULTRA PROMOPACK(24X10);1001;3000;CS;784,00;994801,92;0,000;0,00;0,000;0,00;27.02.2026 - 12:09:54;ZTEC;ABSORBENTES FEMENINA;Friends;PH-Toalla Sanitaria;Absorbentes;3000-ProdTerminado WM;1001-Pharsana Maracay
50001069;SECUREZZA BC CREMA DERMO PROTECTORA 130G;1001;3000;CS;19,00;16071,15;0,000;0,00;0,000;0,00;27.02.2026 - 12:09:54;ZTEC;HIGIENE PERSONAL;Securezza;PH-Crema Protectoras;Cuidado Personal;3000-ProdTerminado WM;1001-Pharsana Maracay
50001072;AMY SEC TH 48P 99% AGUA (20);1000;3000;CS;680,00;296888,00;0,000;0,00;0,000;0,00;27.02.2026 - 12:09:54;ZTEC;TOALLAS HUMEDAS;Amy;PH-TH Flow Pack;Cuidado Personal;3000-Prod. Terminado;1000-Pharsana Valencia
50001072;AMY SEC TH 48P 99% AGUA (20);1001;3000;CS;568,00;247988,80;0,000;0,00;0,000;0,00;27.02.2026 - 12:09:54;ZTEC;TOALLAS HUMEDAS;Amy;PH-TH Flow Pack;Cuidado Personal;3000-ProdTerminado WM;1001-Pharsana Maracay
50001073;CHICCO KIT CHAMP MANZ COLON ACEI CR 200;1001;3000;CS;324,00;551422,08;0,000;0,00;0,000;0,00;27.02.2026 - 12:09:54;ZTEC;HIGIENE PERSONAL;Chicco;PH- Kit Cosmética;Cuidado Personal;3000-ProdTerminado WM;1001-Pharsana Maracay
50001123;FRIENDS JABON INTIMO 240ML;1001;3000;CS;393,00;254098,08;0,000;0,00;0,000;0,00;27.02.2026 - 12:09:54;ZTEC;HIGIENE PERSONAL;Friends;PH-Jabón Líquido;Cuidado Personal;3000-ProdTerminado WM;1001-Pharsana Maracay
50001124;CHICCO JABON LIQUIDO 400ML;1001;3000;CS;62,00;56897,40;0,000;0,00;0,000;0,00;27.02.2026 - 12:09:54;ZTEC;HIGIENE PERSONAL;Chicco;PH-Champú;Cuidado Personal;3000-ProdTerminado WM;1001-Pharsana Maracay
50000912;CHICCO VASELINA 80G;1001;3000;CS;2,00;1563,52;0,000;0,00;0,000;0,00;27.02.2026 - 12:09:54;ZTEC;HIGIENE PERSONAL;Chicco;PH-Vaselina;Cuidado Personal;3000-ProdTerminado WM;1001-Pharsana Maracay
50000860;PHARSANA MASCARILLA DESCAR. (8x50);1001;3000;CS;1201,00;682360,16;0,000;0,00;0,000;0,00;27.02.2026 - 12:09:54;ZTEC;DESCARTABLES;Pharsana;PH-Mascarillas;Absorbentes;3000-ProdTerminado WM;1001-Pharsana Maracay
50000877;PHARSANA GEL ANTIBACTERIAL 2,8 L;1000;3000;CS;0,00;0,00;0,000;0,00;1,250;1257,75;27.02.2026 - 12:09:54;ZTEC;HIGIENE PERSONAL;Pharsana;PH-Gel Antibacterial;Cuidado Personal;3000-Prod. Terminado;1000-Pharsana Valencia
50000877;PHARSANA GEL ANTIBACTERIAL 2,8 L;1001;3000;CS;493,00;496056,60;0,000;0,00;0,000;0,00;27.02.2026 - 12:09:54;ZTEC;HIGIENE PERSONAL;Pharsana;PH-Gel Antibacterial;Cuidado Personal;3000-ProdTerminado WM;1001-Pharsana Maracay
50000880;CHICCO COLONIA PARA NIÑOS 110CC;1001;3000;CS;9,00;6063,12;0,000;0,00;0,000;0,00;27.02.2026 - 12:09:54;ZTEC;HIGIENE PERSONAL;Chicco;PH-Colonia;Cuidado Personal;3000-ProdTerminado WM;1001-Pharsana Maracay
50000884;ACTIVA PD PERD. OCASIONALES (12X40);1001;3000;PAK;519,00;229564,08;0,000;0,00;0,000;0,00;27.02.2026 - 12:09:54;ZTEC;ABSORBENTES FEMENINA;Activa;PH-Protector Diario;Absorbentes;3000-ProdTerminado WM;1001-Pharsana Maracay
50000893;CHICCO ACEITE PARA NIÑOS 110CC;1001;3000;CS;531,00;407170,80;0,000;0,00;0,000;0,00;27.02.2026 - 12:09:54;ZTEC;HIGIENE PERSONAL;Chicco;PH-Aceite;Cuidado Personal;3000-ProdTerminado WM;1001-Pharsana Maracay
50000899;AMY ACEITE 220CC OVAL;1000;3000;CS;294,00;194392,80;0,000;0,00;0,000;0,00;27.02.2026 - 12:09:54;ZTEC;HIGIENE PERSONAL;Amy;PH-Aceite;Cuidado Personal;3000-Prod. Terminado;1000-Pharsana Valencia
50000899;AMY ACEITE 220CC OVAL;1001;3000;CS;407,00;269108,40;0,000;0,00;0,000;0,00;27.02.2026 - 12:09:54;ZTEC;HIGIENE PERSONAL;Amy;PH-Aceite;Cuidado Personal;3000-ProdTerminado WM;1001-Pharsana Maracay
50000902;AMY COLONIA 220CC OVAL;1000;3000;CS;481,00;262337,40;0,000;0,00;0,000;0,00;27.02.2026 - 12:09:54;ZTEC;HIGIENE PERSONAL;Amy;PH-Colonia;Cuidado Personal;3000-Prod. Terminado;1000-Pharsana Valencia
50000902;AMY COLONIA 220CC OVAL;1001;3000;CS;851,00;464135,40;0,000;0,00;0,000;0,00;27.02.2026 - 12:09:54;ZTEC;HIGIENE PERSONAL;Amy;PH-Colonia;Cuidado Personal;3000-ProdTerminado WM;1001-Pharsana Maracay
50000905;AMY SEC TH MANZANILLA 72P (16);1000;3000;CS;0,00;0,00;0,000;0,00;12,875;4871,90;27.02.2026 - 12:09:54;ZTEC;TOALLAS HUMEDAS;Amy;PH-TH Flow Pack;Cuidado Personal;3000-Prod. Terminado;1000-Pharsana Valencia
50000918;PHARSANA JABON ANTIBACTERIAL 20 LT;1001;3000;CS;1,00;1381,53;0,000;0,00;0,000;0,00;27.02.2026 - 12:09:54;ZTEC;HIGIENE PERSONAL;Pharsana;PH-Jabón Líquido;Cuidado Personal;3000-ProdTerminado WM;1001-Pharsana Maracay
50000920;PHARSANA JABON ANTIBACTERIAL 60 LT;1001;3000;ST;1,00;3763,27;0,000;0,00;0,000;0,00;27.02.2026 - 12:09:54;ZTEC;HIGIENE PERSONAL;Pharsana;PH-Jabón Líquido;Cuidado Personal;3000-ProdTerminado WM;1001-Pharsana Maracay
50001041;FRIENDS PD REGULAR S/P PROMOPACK (4X120);1001;3000;PAK;468,00;117018,72;0,000;0,00;0,000;0,00;27.02.2026 - 12:09:54;ZTEC;ABSORBENTES FEMENINA;Friends;PH-Protector Diario;Absorbentes;3000-ProdTerminado WM;1001-Pharsana Maracay
