Codigo_Mat;Orden;Origen;Denominacion Material;UMB;Cant.Plan;Cant.Real;Var.Consumo;(%)Var.Consumo;Tot.Cos.Plan;Tot.Cos.Real;Precio Std;Precio Var.;Var.Precio;Val.Var.Prec.;Val.Var.Con.;Tot.Variación;C.Planificada;C.Entregada
000000000040000068;000020000411;000000000011000388;ACEITE VASSA 7 ACT 13-03;KG;802,369;811,048;7,749;1;928376,89;659914,25;1.451,39680;1.020,65037;-430,75;-311.929,06;10041,85;-268466,24;742,000;742,000
000000000040000082;000020000412;000000000011000388;ACEITE VASSA 7 ACT 13-03;KG;808,737;816,385;6,650;1;911334,64;676355,18;1.490,27350;1.095,65919;-394,61;-280.134,35;8617,67;-234977,42;743,000;743,000
000000000040000428;000025000758;000000000011000389;PROPILPARABENO;KG;0,162;0,162;0,000;0;740,17;0,00;4568,94000;0,00000;-4568,94;-740,17;0,00;-740,17;540,000;540,000
000000000040000428;000025000759;000000000011000389;PROPILPARABENO;KG;0,108;0,108;0,000;0;493,45;0,00;4568,94000;0,00000;-4568,94;-493,45;0,00;-493,45;360,000;360,000
000000000040000512;000021000789;000000000011000390;EDTA;KG;0,460;0,450;-0,010;-2;1074,70;672,75;2336,31000;1495,00000;-841,31;-378,59;-23,36;-401,95;919,000;919,000
000000000040000546;000026003823;000000000011000390;EDTA;KG;2,500;2,500;0,000;0;5840,78;1727,26;2336,31000;690,90400;-1645,41;-4113,53;0,00;-4113,53;5000,000;5000,000
000000000040000520;000024000187;000000000011000390;EDTA;KG;1,245;1,250;0,005;0;2908,71;863,63;2336,31000;690,90400;-1645,41;-2056,76;11,68;-2045,08;2490,000;2490,000
000000000040000546;000026003824;000000000011000390;EDTA;KG;1,850;1,850;0,000;0;4322,17;1278,17;2336,31000;690,90270;-1645,41;-3044,01;0,00;-3044,01;3700,000;3700,000
000000000040000513;000021000790;000000000011000390;EDTA;KG;0,464;0,465;0,001;0;1084,05;695,17;2336,31000;1494,98925;-841,32;-391,21;2,34;-388,87;928,000;928,000
000000000040000426;000026003822;000000000011000390;EDTA;KG;2,400;2,400;0,000;0;5607,14;1658,17;2336,31000;690,90417;-1645,41;-3948,98;0,00;-3948,98;4800,000;4800,000
000000000040000143;000022001363;000000000011000390;EDTA;KG;0,446;0,450;0,004;1;1041,99;672,75;2336,31000;1495,00000;-841,31;-378,59;9,35;-369,24;891,000;891,000
000000000040000545;000026003806;000000000011000390;EDTA;KG;2,500;2,500;0,000;0;5840,78;3737,50;2336,31000;1495,00000;-841,31;-2103,28;0,00;-2103,28;5000,000;5000,000
000000000040000545;000026003807;000000000011000390;EDTA;KG;2,500;2,500;0,000;0;5840,78;3737,50;2336,31000;1495,00000;-841,31;-2103,28;0,00;-2103,28;5000,000;5000,000
000000000040000549;000026003805;000000000011000390;EDTA;KG;0,665;0,665;0,000;0;1553,65;994,17;2336,31000;1494,99248;-841,32;-559,48;0,00;-559,48;1330,000;1330,000
000000000040000545;000026003808;000000000011000390;EDTA;KG;2,640;2,640;0,000;0;6167,86;2809,00;2336,31000;1064,01515;-1272,29;-3358,85;0,00;-3358,85;5280,000;5280,000
000000000040000551;000026003815;000000000011000390;EDTA;KG;1,330;1,330;0,000;0;3107,29;918,90;2336,31000;690,90226;-1645,41;-2188,40;0,00;-2188,40;2660,000;2660,000
000000000040000512;000021000789;000000000011000391;GLICERINA USP;KG;18,380;18,400;0,020;0;33345,92;17251,55;1814,25000;937,58424;-876,67;-16130,73;36,29;-16094,44;919,000;919,000
000000000040000097;000023000903;000000000011000391;GLICERINA USP;KG;95,100;95,250;0,150;0;172535,18;89304,87;1814,25000;937,58394;-876,67;-83502,82;272,14;-83230,68;6340,000;6340,000
000000000040000551;000026003815;000000000011000391;GLICERINA USP;KG;13,300;13,300;0,000;0;24129,53;12469,87;1814,25000;937,58421;-876,67;-11659,71;0,00;-11659,71;2660,000;2660,000
000000000040000097;000023000907;000000000011000391;GLICERINA USP;KG;79,410;79,500;0,090;0;144069,59;74537,92;1814,25000;937,58390;-876,67;-69695,27;163,28;-69531,99;5294,000;5294,000
000000000040000549;000026003805;000000000011000391;GLICERINA USP;KG;6,650;6,650;0,000;0;12064,76;6234,93;1814,25000;937,58346;-876,67;-5829,86;0,00;-5829,86;1330,000;1330,000
000000000040000513;000021000790;000000000011000391;GLICERINA USP;KG;13,920;13,950;0,030;0;25254,36;13079,30;1814,25000;937,58423;-876,67;-12229,55;54,43;-12175,12;928,000;928,000
000000000040000097;000023000902;000000000011000391;GLICERINA USP;KG;95,880;96,000;0,120;0;173950,29;90008,06;1814,25000;937,58396;-876,67;-84160,32;217,71;-83942,61;6392,000;6392,000
000000000040000096;000023000910;000000000011000391;GLICERINA USP;KG;20,140;20,200;0,060;0;36539,00;18939,20;1814,25000;937,58416;-876,67;-17708,73;108,86;-17599,87;2014,000;2014,000
000000000040000428;000025000758;000000000011000393;GERMALL 115;KG;2,700;2,700;0,000;0;9497,03;0,02;3517,42000;0,00741;-3517,41;-9497,01;0,00;-9497,01;540,000;540,000
000000000040000428;000025000759;000000000011000393;GERMALL 115;KG;1,800;1,800;0,000;0;6331,36;0,02;3517,42000;0,01111;-3517,41;-6331,34;0,00;-6331,34;360,000;360,000
000000000040000521;000025000757;000000000011000395;OXIDO DE ZINC USP;KG;2,900;2,900;0,000;0;9663,64;9133,42;3332,29000;3149,45517;-182,83;-530,21;0,00;-530,21;145,000;145,000
000000000040000521;000025000756;000000000011000395;OXIDO DE ZINC USP;KG;7,200;7,200;0,000;0;23992,49;18815,01;3332,29000;2613,19583;-719,09;-5177,45;0,00;-5177,45;360,000;360,000
000000000040000428;000025000758;000000000011000395;OXIDO DE ZINC USP;KG;10,800;10,800;0,000;0;35988,73;34014,13;3332,29000;3149,45648;-182,83;-1974,56;0,00;-1974,56;540,000;540,000
000000000040000428;000025000759;000000000011000395;OXIDO DE ZINC USP;KG;7,200;7,200;0,000;0;23992,49;22676,09;3332,29000;3149,45694;-182,83;-1316,38;0,00;-1316,38;360,000;360,000
000000000040000082;000020000412;000000000011000398;ISOPROPIL MIRISTATO;KG;37,150;37,500;0,350;1;201510,14;153766,68;5424,23000;4100,44480;-1323,79;-49642,13;1898,48;-47743,65;743,000;743,000
000000000040000068;000020000411;000000000011000398;ISOPROPIL MIRISTATO;KG;14,840;15,000;0,160;1;80495,57;48642,77;5424,23000;3242,85133;-2181,38;-32720,70;867,88;-31852,82;742,000;742,000
000000000040000143;000022001363;000000000011000399;TRIETANOLAMINA 85 %;KG;2,673;2,700;0,027;1;5750,10;0,03;2151,18000;0,01111;-2151,17;-5808,16;58,08;-5750,08;891,000;891,000
000000000040000118;000026003818;000000000011000400;UNIQUAT QAC-80;KG;0,200;0,200;0,000;0;307,46;0,00;1537,30000;0,00000;-1537,30;-307,46;0,00;-307,46;100,000;100,000
000000000040000521;000025000756;000000000011000402;TALCO COSMETICO;KG;291,600;291,600;0,000;0;145753,34;108203,60;499,84000;371,06859;-128,77;-37549,33;0,00;-37549,33;360,000;360,000
000000000040000521;000025000757;000000000011000402;TALCO COSMETICO;KG;117,450;117,450;0,000;0;58706,21;43582,00;499,84000;371,06854;-128,77;-15124,04;0,00;-15124,04;145,000;145,000
000000000040000428;000025000759;000000000011000402;TALCO COSMETICO;KG;338,652;338,700;0,048;0;169271,82;125680,93;499,84000;371,06859;-128,77;-43614,40;23,99;-43590,41;360,000;360,000
000000000040000428;000025000758;000000000011000402;TALCO COSMETICO;KG;507,978;508,000;0,022;0;253907,72;188502,84;499,84000;371,06858;-128,77;-65415,16;11,00;-65404,16;540,000;540,000
000000000040000513;000021000790;000000000011000404;FRAGANCIA DE MANZANILLA 8562;KG;5,568;5,580;0,012;0;70093,60;35795,08;12588,65000;6414,88889;-6173,76;-34449,58;151,06;-34298,52;928,000;928,000
000000000040000426;000026003822;000000000011000405;EXTRACTO DE MANZANILLA (CREMOGEN);KG;24,000;24,000;0,000;0;208823,52;134276,34;8700,98000;5594,84750;-3106,13;-74547,12;0,00;-74547,12;4800,000;4800,000
000000000040000513;000021000790;000000000011000405;EXTRACTO DE MANZANILLA (CREMOGEN);KG;3,712;3,720;0,008;0;32298,04;20812,83;8700,98000;5594,84677;-3106,13;-11554,80;69,61;-11485,19;928,000;928,000
000000000040000549;000026003805;000000000011000405;EXTRACTO DE MANZANILLA (CREMOGEN);KG;2,660;2,660;0,000;0;23144,61;14882,29;8700,98000;5594,84586;-3106,13;-8262,31;0,00;-8262,31;1330,000;1330,000
000000000040000546;000026003823;000000000011000405;EXTRACTO DE MANZANILLA (CREMOGEN);KG;7,500;7,500;0,000;0;65257,35;41961,36;8700,98000;5594,84800;-3106,13;-23295,98;0,00;-23295,98;5000,000;5000,000
000000000040000546;000026003824;000000000011000405;EXTRACTO DE MANZANILLA (CREMOGEN);KG;5,550;5,550;0,000;0;48290,44;31051,40;8700,98000;5594,84685;-3106,13;-17239,02;0,00;-17239,02;3700,000;3700,000
000000000040000545;000026003808;000000000011000406;FRAGANCIA  CHICCO (BSV 3044/2);KG;10,560;10,540;-0,020;0;159406,05;143168,26;15095,27000;13583,32638;-1511,94;-15935,85;-301,91;-16237,76;5280,000;5280,000
000000000040000082;000020000412;000000000011000406;FRAGANCIA  CHICCO (BSV 3044/2);KG;1,858;1,875;0,017;1;28047,01;24908,41;15095,27000;13284,48533;-1810,78;-3395,21;256,62;-3138,59;743,000;743,000
000000000040000097;000023000902;000000000011000406;FRAGANCIA  CHICCO (BSV 3044/2);KG;127,840;128,000;0,160;0;1929779,32;1977611,83;15095,27000;15450,09242;354,82;45416,96;2415,24;47832,20;6392,000;6392,000
000000000040000097;000023000903;000000000011000406;FRAGANCIA  CHICCO (BSV 3044/2);KG;126,800;127,000;0,200;0;1914080,24;1941767,20;15095,27000;15289,50551;194,24;24668,48;3019,05;27687,53;6340,000;6340,000
000000000040000512;000021000789;000000000011000406;FRAGANCIA  CHICCO (BSV 3044/2);KG;3,676;3,680;0,004;0;55490,21;48886,91;15095,27000;13284,48641;-1810,78;-6663,67;60,38;-6603,29;919,000;919,000
000000000040000097;000023000907;000000000011000406;FRAGANCIA  CHICCO (BSV 3044/2);KG;105,880;106,000;0,120;0;1598287,19;1604553,03;15095,27000;15137,29274;42,02;4454,12;1811,43;6265,55;5294,000;5294,000
000000000040000545;000026003807;000000000011000406;FRAGANCIA  CHICCO (BSV 3044/2);KG;10,000;10,000;0,000;0;150952,70;151372,93;15095,27000;15137,29300;42,02;420,20;0,00;420,20;5000,000;5000,000
000000000040000521;000025000756;000000000011000406;FRAGANCIA  CHICCO (BSV 3044/2);KG;1,800;1,800;0,000;0;27171,49;23912,07;15095,27000;13284,48333;-1810,79;-3259,42;0,00;-3259,42;360,000;360,000
000000000040000545;000026003806;000000000011000406;FRAGANCIA  CHICCO (BSV 3044/2);KG;10,000;10,000;0,000;0;150952,70;151372,93;15095,27000;15137,29300;42,02;420,20;0,00;420,20;5000,000;5000,000
000000000040000521;000025000757;000000000011000406;FRAGANCIA  CHICCO (BSV 3044/2);KG;0,725;0,725;0,000;0;10944,07;9631,25;15095,27000;13284,48276;-1810,79;-1312,82;0,00;-1312,82;145,000;145,000
000000000040000143;000022001363;000000000011000406;FRAGANCIA  CHICCO (BSV 3044/2);KG;4,455;4,500;0,045;1;67249,43;59780,19;15095,27000;13284,48667;-1810,78;-8148,51;679,29;-7469,22;891,000;891,000
000000000040000520;000024000187;000000000011000406;FRAGANCIA  CHICCO (BSV 3044/2);KG;9,960;10,000;0,040;0;150348,89;151372,93;15095,27000;15137,29300;42,02;420,20;603,81;1024,01;2490,000;2490,000
000000000040000118;000026003818;000000000011000409;METHOCEL J-12 MS (FIJADOR P/COTONCI;KG;0,500;0,500;0,000;0;6636,81;0,00;13273,62000;0,00000;-13273,62;-6636,81;0,00;-6636,81;100,000;100,000
000000000040000520;000024000187;000000000011000411;EXTRACTO DE ALOE VERA;KG;2,490;2,500;0,010;0;16594,80;11347,13;6664,58000;4538,85200;-2125,73;-5314,33;66,65;-5247,68;2490,000;2490,000
000000000040000549;000026003805;000000000011000411;EXTRACTO DE ALOE VERA;KG;3,325;3,325;0,000;0;22159,73;9211,45;6664,58000;2770,36090;-3894,22;-12948,28;0,00;-12948,28;1330,000;1330,000
000000000040000143;000022001363;000000000011000411;EXTRACTO DE ALOE VERA;KG;8,910;9,000;0,090;1;59381,41;24933,25;6664,58000;2770,36111;-3894,22;-35047,98;599,81;-34448,17;891,000;891,000
000000000040000551;000026003815;000000000011000411;EXTRACTO DE ALOE VERA;KG;6,650;6,650;0,000;0;44319,46;18422,91;6664,58000;2770,36241;-3894,22;-25896,56;0,00;-25896,56;2660,000;2660,000
000000000050000443;000013000503;000000000011000413;ALGODON P/COTTON ( MECHAS );KG;69,319;60,600;-8,719;-13;184977,75;131107,85;2668,50000;2163,49587;-505,00;-30603,00;-23266,65;-53869,65;16341,000;16341,000
000000000050001024;000013000505;000000000011000413;ALGODON P/COTTON ( MECHAS );KG;50,904;24,030;-26,874;-53;135837,32;51988,81;2668,50000;2163,49605;-505,00;-12135,15;-71713,27;-83848,42;12000,000;5672,000
000000000050000443;000013000502;000000000011000413;ALGODON P/COTTON ( MECHAS );KG;36,893;32,900;-3,993;-11;98448,97;71179,02;2668,50000;2163,49605;-505,00;-16614,50;-10655,32;-27269,82;8697,000;8697,000
000000000040000545;000026003806;000000000011000414;PROPILENGLICOL;KG;25,000;25,000;0,000;0;35544,50;23199,02;1421,78000;927,96080;-493,82;-12345,50;0,00;-12345,50;5000,000;5000,000
000000000040000143;000022001363;000000000011000414;PROPILENGLICOL;KG;4,455;4,500;0,045;1;6334,03;4175,82;1421,78000;927,96000;-493,82;-2222,19;63,98;-2158,21;891,000;891,000
000000000040000551;000026003815;000000000011000414;PROPILENGLICOL;KG;26,600;26,600;0,000;0;37819,35;24683,75;1421,78000;927,96053;-493,82;-13135,61;0,00;-13135,61;2660,000;2660,000
000000000040000426;000026003822;000000000011000414;PROPILENGLICOL;KG;30,720;30,700;-0,020;0;43677,08;28488,39;1421,78000;927,96059;-493,82;-15160,27;-28,44;-15188,71;4800,000;4800,000
000000000040000545;000026003808;000000000011000414;PROPILENGLICOL;KG;26,400;26,400;0,000;0;37534,99;24498,16;1421,78000;927,96061;-493,82;-13036,85;0,00;-13036,85;5280,000;5280,000
000000000040000545;000026003807;000000000011000414;PROPILENGLICOL;KG;25,000;25,000;0,000;0;35544,50;23199,02;1421,78000;927,96080;-493,82;-12345,50;0,00;-12345,50;5000,000;5000,000
000000000040000546;000026003824;000000000011000414;PROPILENGLICOL;KG;7,400;7,400;0,000;0;10521,17;6866,91;1421,78000;927,96081;-493,82;-3654,27;0,00;-3654,27;3700,000;3700,000
000000000040000546;000026003823;000000000011000414;PROPILENGLICOL;KG;10,000;10,000;0,000;0;14217,80;9279,61;1421,78000;927,96100;-493,82;-4938,20;0,00;-4938,20;5000,000;5000,000
000000000040000549;000026003805;000000000011000414;PROPILENGLICOL;KG;13,300;13,300;0,000;0;18909,67;12341,88;1421,78000;927,96090;-493,82;-6567,81;0,00;-6567,81;1330,000;1330,000
000000000040000513;000021000790;000000000011000416;LAMESOFT PO 65;KG;9,280;9,300;0,020;0;25914,03;4032,72;2792,46000;433,62581;-2358,83;-21937,12;55,85;-21881,27;928,000;928,000
000000000040000520;000024000187;000000000011000416;LAMESOFT PO 65;KG;24,900;25,000;0,100;0;69532,25;10840,66;2792,46000;433,62640;-2358,83;-58970,75;279,25;-58691,50;2490,000;2490,000
000000000040000512;000021000789;000000000011000416;LAMESOFT PO 65;KG;13,785;13,800;0,015;0;38494,06;5984,04;2792,46000;433,62609;-2358,83;-32551,85;41,89;-32509,96;919,000;919,000
000000000040000551;000026003815;000000000011000417;DEHYTON MC;KG;0,532;0,530;-0,002;0;922,04;111,49;1733,16000;210,35849;-1522,80;-807,08;-3,47;-810,55;2660,000;2660,000
000000000040000546;000026003824;000000000011000417;DEHYTON MC;KG;0,740;0,740;0,000;0;1282,54;369,86;1733,16000;499,81081;-1233,35;-912,68;0,00;-912,68;3700,000;3700,000
000000000040000545;000026003808;000000000011000417;DEHYTON MC;KG;1,056;1,055;-0,001;0;1830,22;221,94;1733,16000;210,36967;-1522,79;-1606,54;-1,73;-1608,27;5280,000;5280,000
000000000040000426;000026003822;000000000011000417;DEHYTON MC;KG;0,960;0,930;-0,030;-3;1663,83;195,64;1733,16000;210,36559;-1522,79;-1416,19;-51,99;-1468,18;4800,000;4800,000
000000000040000520;000024000187;000000000011000417;DEHYTON MC;KG;37,350;37,500;0,150;0;64733,53;14227,45;1733,16000;379,39867;-1353,76;-50766,00;259,97;-50506,03;2490,000;2490,000
000000000040000545;000026003807;000000000011000417;DEHYTON MC;KG;1,000;1,000;0,000;0;1733,16;210,37;1733,16000;210,37000;-1522,79;-1522,79;0,00;-1522,79;5000,000;5000,000
000000000040000513;000021000790;000000000011000417;DEHYTON MC;KG;13,920;13,950;0,030;0;24125,59;2934,60;1733,16000;210,36559;-1522,79;-21242,92;51,99;-21190,93;928,000;928,000
000000000040000546;000026003823;000000000011000417;DEHYTON MC;KG;1,000;1,000;0,000;0;1733,16;499,81;1733,16000;499,81000;-1233,35;-1233,35;0,00;-1233,35;5000,000;5000,000
000000000040000549;000026003805;000000000011000417;DEHYTON MC;KG;0,266;0,265;-0,001;0;461,02;55,75;1733,16000;210,37736;-1522,78;-403,54;-1,73;-405,27;1330,000;1330,000
000000000040000545;000026003806;000000000011000417;DEHYTON MC;KG;1,000;1,000;0,000;0;1733,16;210,37;1733,16000;210,37000;-1522,79;-1522,79;0,00;-1522,79;5000,000;5000,000
000000000040000512;000021000789;000000000011000417;DEHYTON MC;KG;13,785;13,800;0,015;0;23891,61;2903,05;1733,16000;210,36594;-1522,79;-21014,50;26,00;-20988,50;919,000;919,000
000000000040000545;000026003806;000000000011000419;GLUADIM WQ;KG;12,500;12,500;0,000;0;107541,75;75785,52;8603,34000;6062,84160;-2540,50;-31756,25;0,00;-31756,25;5000,000;5000,000
000000000040000520;000024000187;000000000011000419;GLUADIM WQ;KG;18,675;18,750;0,075;0;160667,37;113678,28;8603,34000;6062,84160;-2540,50;-47634,38;645,25;-46989,13;2490,000;2490,000
000000000040000545;000026003808;000000000011000419;GLUADIM WQ;KG;13,200;13,200;0,000;0;113564,09;80029,51;8603,34000;6062,84167;-2540,50;-33534,60;0,00;-33534,60;5280,000;5280,000
000000000040000545;000026003807;000000000011000419;GLUADIM WQ;KG;12,500;12,500;0,000;0;107541,75;75785,52;8603,34000;6062,84160;-2540,50;-31756,25;0,00;-31756,25;5000,000;5000,000
000000000040000513;000021000790;000000000011000419;GLUADIM WQ;KG;6,960;6,975;0,015;0;59879,25;42288,32;8603,34000;6062,84158;-2540,50;-17719,99;129,05;-17590,94;928,000;928,000
000000000040000512;000021000789;000000000011000419;GLUADIM WQ;KG;6,893;6,900;0,007;0;59302,82;41833,61;8603,34000;6062,84203;-2540,50;-17529,45;60,22;-17469,23;919,000;919,000
000000000040000520;000024000187;000000000011000420;TWEEN 28 (ANTIGUO ATLAS G4280;KG;49,800;50,000;0,200;0;678358,67;660021,61;13621,66000;13200,43220;-421,23;-21061,50;2724,33;-18337,17;2490,000;2490,000
000000000040000513;000021000790;000000000011000420;TWEEN 28 (ANTIGUO ATLAS G4280;KG;13,920;13,950;0,030;0;189613,51;184146,03;13621,66000;13200,43226;-421,23;-5876,16;408,65;-5467,51;928,000;928,000
000000000040000512;000021000789;000000000011000420;TWEEN 28 (ANTIGUO ATLAS G4280;KG;18,380;18,400;0,020;0;250366,11;211451,82;13621,66000;11491,94674;-2129,71;-39186,66;272,43;-38914,23;919,000;919,000
000000000040000545;000026003806;000000000011000426;EXTRACTO DE AZAHAR 4950;KG;0,500;0,500;0,000;0;4924,39;539,07;9848,77000;1078,14000;-8770,63;-4385,32;0,00;-4385,32;5000,000;5000,000
000000000040000545;000026003808;000000000011000426;EXTRACTO DE AZAHAR 4950;KG;0,528;0,530;0,002;0;5200,15;571,41;9848,77000;1078,13208;-8770,64;-4648,44;19,70;-4628,74;5280,000;5280,000
000000000040000545;000026003807;000000000011000426;EXTRACTO DE AZAHAR 4950;KG;0,500;0,500;0,000;0;4924,39;539,07;9848,77000;1078,14000;-8770,63;-4385,32;0,00;-4385,32;5000,000;5000,000
000000000040000082;000020000412;000000000011000435;VITAMINA E;KG;0,743;0,750;0,007;1;5141,60;0,01;6920,05000;0,01333;-6920,04;-5190,03;48,44;-5141,59;743,000;743,000
000000000040000143;000022001363;000000000011000435;VITAMINA E;KG;0,090;0,090;0,000;0;622,80;0,00;6920,05000;0,00000;-6920,05;-622,80;0,00;-622,80;891,000;891,000
000000000040000068;000020000411;000000000011000435;VITAMINA E;KG;0,742;0,750;0,008;1;5134,68;0,01;6920,05000;0,01333;-6920,04;-5190,03;55,36;-5134,67;742,000;742,000
000000000040000545;000026003808;000000000011000437;ALLANTOINA;KG;2,640;2,640;0,000;0;11045,42;0,03;4183,87000;0,01136;-4183,86;-11045,39;0,00;-11045,39;5280,000;5280,000
000000000040000551;000026003815;000000000011000437;ALLANTOINA;KG;1,330;1,330;0,000;0;5564,55;0,01;4183,87000;0,00752;-4183,86;-5564,53;0,00;-5564,53;2660,000;2660,000
000000000040000549;000026003805;000000000011000437;ALLANTOINA;KG;0,665;0,665;0,000;0;2782,27;0,01;4183,87000;0,01504;-4183,85;-2782,26;0,00;-2782,26;1330,000;1330,000
000000000040000545;000026003807;000000000011000437;ALLANTOINA;KG;2,500;2,500;0,000;0;10459,68;0,02;4183,87000;0,00800;-4183,86;-10459,65;0,00;-10459,65;5000,000;5000,000
000000000040000545;000026003806;000000000011000437;ALLANTOINA;KG;2,500;2,500;0,000;0;10459,68;0,02;4183,87000;0,00800;-4183,86;-10459,65;0,00;-10459,65;5000,000;5000,000
000000000040000521;000025000756;000000000011000437;ALLANTOINA;KG;3,600;3,600;0,000;0;15061,93;0,04;4183,87000;0,01111;-4183,86;-15061,90;0,00;-15061,90;360,000;360,000
000000000040000521;000025000757;000000000011000437;ALLANTOINA;KG;1,450;1,450;0,000;0;6066,61;0,01;4183,87000;0,00690;-4183,86;-6066,60;0,00;-6066,60;145,000;145,000
000000000040000545;000026003807;000000000011000440;CETIOL OE;KG;0,500;0,500;0,000;0;851,59;0,00;1703,17000;0,00000;-1703,17;-851,59;0,00;-851,59;5000,000;5000,000
000000000040000545;000026003806;000000000011000440;CETIOL OE;KG;0,500;0,500;0,000;0;851,59;0,01;1703,17000;0,02000;-1703,15;-851,58;0,00;-851,58;5000,000;5000,000
000000000040000546;000026003823;000000000011000440;CETIOL OE;KG;0,500;0,500;0,000;0;851,59;0,01;1703,17000;0,02000;-1703,15;-851,58;0,00;-851,58;5000,000;5000,000
000000000040000546;000026003824;000000000011000440;CETIOL OE;KG;0,370;0,370;0,000;0;630,17;0,00;1703,17000;0,00000;-1703,17;-630,17;0,00;-630,17;3700,000;3700,000
000000000040000545;000026003808;000000000011000440;CETIOL OE;KG;0,528;0,530;0,002;0;899,27;0,01;1703,17000;0,01887;-1703,15;-902,67;3,41;-899,26;5280,000;5280,000
000000000040000426;000026003822;000000000011000440;CETIOL OE;KG;0,480;0,480;0,000;0;817,52;0,00;1703,17000;0,00000;-1703,17;-817,52;0,00;-817,52;4800,000;4800,000
000000000040000512;000021000789;000000000011000445;SILICONA 193;KG;6,893;6,900;0,007;0;86773,56;27336,91;12588,65000;3961,87101;-8626,78;-59524,78;88,12;-59436,66;919,000;919,000
000000000040000520;000024000187;000000000011000445;SILICONA 193;KG;18,675;18,750;0,075;0;235093,04;74285,09;12588,65000;3961,87147;-8626,78;-161752,13;944,15;-160807,98;2490,000;2490,000
000000000040000513;000021000790;000000000011000445;SILICONA 193;KG;6,960;7,000;0,040;1;87617,00;27733,10;12588,65000;3961,87143;-8626,78;-60387,46;503,55;-59883,91;928,000;928,000
000000000040000143;000022001363;000000000011000447;ULTREZ 21;KG;7,128;7,200;0,072;1;123856,41;140808,69;17376,04000;19556,76250;2180,72;15701,18;1251,07;16952,25;891,000;891,000
000000000040000545;000026003807;000000000011000448;GERMALL PLUSS;KG;25,000;25,000;0,000;0;64424,25;0,25;2576,97000;0,01000;-2576,96;-64424,00;0,00;-64424,00;5000,000;5000,000
000000000040000545;000026003806;000000000011000448;GERMALL PLUSS;KG;25,000;25,000;0,000;0;64424,25;0,25;2576,97000;0,01000;-2576,96;-64424,00;0,00;-64424,00;5000,000;5000,000
000000000040000546;000026003823;000000000011000448;GERMALL PLUSS;KG;37,500;37,500;0,000;0;96636,38;0,38;2576,97000;0,01013;-2576,96;-96636,00;0,00;-96636,00;5000,000;5000,000
000000000040000426;000026003822;000000000011000448;GERMALL PLUSS;KG;36,000;36,000;0,000;0;92770,92;0,36;2576,97000;0,01000;-2576,96;-92770,56;0,00;-92770,56;4800,000;4800,000
000000000040000545;000026003808;000000000011000448;GERMALL PLUSS;KG;26,400;26,400;0,000;0;68032,01;0,27;2576,97000;0,01023;-2576,96;-68031,74;0,00;-68031,74;5280,000;5280,000
000000000040000546;000026003824;000000000011000448;GERMALL PLUSS;KG;27,750;27,750;0,000;0;71510,92;0,28;2576,97000;0,01009;-2576,96;-71510,64;0,00;-71510,64;3700,000;3700,000
000000000040000118;000026003818;000000000011000467;ALCOHOL ETILICO 96;KG;50,000;50,000;0,000;0;31286,50;33493,06;625,73000;669,86120;44,13;2206,50;0,00;2206,50;100,000;100,000
000000000040000143;000022001363;000000000011000467;ALCOHOL ETILICO 96;KG;539,055;544,500;5,445;1;337302,89;364739,45;625,73000;669,86125;44,13;24028,79;3407,10;27435,89;891,000;891,000
000000000040000097;000023000902;000000000011000467;ALCOHOL ETILICO 96;KG;4026,960;4032,000;5,040;0;2519789,68;2700880,52;625,73000;669,86124;44,13;177932,16;3153,68;181085,84;6392,000;6392,000
000000000040000096;000023000910;000000000011000467;ALCOHOL ETILICO 96;KG;1208,400;1212,200;3,800;0;756132,13;877040,00;625,73000;723,51097;97,78;118528,92;2377,77;120906,69;2014,000;2014,000
000000000040000175;000026003819;000000000011000467;ALCOHOL ETILICO 96;KG;140,000;140,000;0,000;0;87602,20;93780,57;625,73000;669,86121;44,13;6178,20;0,00;6178,20;200,000;200,000
000000000040000097;000023000907;000000000011000467;ALCOHOL ETILICO 96;KG;3335,220;3339,000;3,780;0;2086947,21;2582115,66;625,73000;773,32005;147,59;492803,01;2365,26;495168,27;5294,000;5294,000
000000000040000097;000023000903;000000000011000467;ALCOHOL ETILICO 96;KG;3994,200;4000,500;6,300;0;2499290,77;2679779,89;625,73000;669,86124;44,13;176542,07;3942,10;180484,17;6340,000;6340,000
000000000040000068;000020000411;000000000011000472;FRAGANCIA P BABY FRIENDS;KG;4,452;4,500;0,048;1;50291,84;36697,45;11296,46000;8154,98889;-3141,47;-14136,62;542,23;-13594,39;742,000;742,000
000000000040000428;000025000758;000000000011000472;FRAGANCIA P BABY FRIENDS;KG;1,890;1,890;0,000;0;21350,31;15412,93;11296,46000;8154,98942;-3141,47;-5937,38;0,00;-5937,38;540,000;540,000
000000000040000428;000025000759;000000000011000472;FRAGANCIA P BABY FRIENDS;KG;1,260;1,260;0,000;0;14233,54;10275,29;11296,46000;8154,99206;-3141,47;-3958,25;0,00;-3958,25;360,000;360,000
000000000040000546;000026003824;000000000011000472;FRAGANCIA P BABY FRIENDS;KG;5,550;5,550;0,000;0;62695,35;62094,57;11296,46000;11188,21081;-108,25;-600,79;0,00;-600,79;3700,000;3700,000
000000000040000546;000026003823;000000000011000472;FRAGANCIA P BABY FRIENDS;KG;7,500;7,500;0,000;0;84723,45;83911,58;11296,46000;11188,21067;-108,25;-811,88;0,00;-811,88;5000,000;5000,000
000000000040000426;000026003822;000000000011000472;FRAGANCIA P BABY FRIENDS;KG;7,200;7,200;0,000;0;81334,51;58715,91;11296,46000;8154,98750;-3141,47;-22618,58;0,00;-22618,58;4800,000;4800,000
000000000040000096;000023000910;000000000011000472;FRAGANCIA P BABY FRIENDS;KG;40,280;40,400;0,120;0;455021,41;419517,91;11296,46000;10384,10668;-912,35;-36858,94;1355,58;-35503,36;2014,000;2014,000
000000000050000517;000012000251;000000000011000563;ALGODON EN MECHA  P/MOTAS 4R/M;KG;107,161;109,350;2,189;2;285959,13;236647,52;2668,50000;2164,12913;-504,37;-55152,86;5841,35;-49311,51;4244,000;4244,000
000000000040000538;000013000504;000000000011000630;POLIPROPILENO J 700;KG;1701,631;1700,000;-1,631;0;2431936,99;1905836,49;1429,18000;1121,08029;-308,10;-523770,00;-2330,99;-526100,99;8712346,000;8712346,000
000000000040000068;000020000411;000000000011000631;ACEITE ALOE VERA;KG;5,565;5,625;0,060;1;195744,26;141073,71;35174,17000;25079,77067;-10094,40;-56781,00;2110,45;-54670,55;742,000;742,000
000000000040000428;000025000759;000000000011000740;TINOGARD TT;KG;0,180;0,180;0,000;0;45,65;0,00;253,62000;0,00000;-253,62;-45,65;0,00;-45,65;360,000;360,000
000000000040000428;000025000758;000000000011000740;TINOGARD TT;KG;0,270;0,270;0,000;0;68,48;0,00;253,62000;0,00000;-253,62;-68,48;0,00;-68,48;540,000;540,000
000000000040000551;000026003815;000000000011000754;EXTRACTO DE CALENDULA (ROMEDA);KG;2,660;2,660;0,000;0;15226,19;0,03;5724,13000;0,01128;-5724,12;-15226,16;0,00;-15226,16;2660,000;2660,000
000000000040000549;000026003805;000000000011000754;EXTRACTO DE CALENDULA (ROMEDA);KG;1,330;1,330;0,000;0;7613,09;0,01;5724,13000;0,00752;-5724,12;-7613,08;0,00;-7613,08;1330,000;1330,000
000000000040000052;000026003831;000000000011000824;AGUA POTABLE;KG;5697,000;0,000;-5697,000;-100;0,00;0,00;0,00000;0,00000;0,00;0,00;0,00;0,00;6000,000;670,861
000000000040000052;000026003813;000000000011000825;SAL INDUSTRIAL;KG;40,000;40,000;0,000;0;4591,20;4205,46;114,78000;105,13650;-9,64;-385,60;0,00;-385,60;6000,000;6000,000
000000000040000052;000026003814;000000000011000825;SAL INDUSTRIAL;KG;20,000;20,000;0,000;0;2295,60;2102,73;114,78000;105,13650;-9,64;-192,80;0,00;-192,80;6000,000;6000,000
000000000040000052;000026003831;000000000011000825;SAL INDUSTRIAL;KG;3,000;0,000;-3,000;-100;344,34;0,00;114,78000;0,00000;-114,78;0,00;-344,34;-344,34;6000,000;670,861
000000000040000052;000026003810;000000000011000825;SAL INDUSTRIAL;KG;40,000;40,000;0,000;0;4591,20;4205,46;114,78000;105,13650;-9,64;-385,60;0,00;-385,60;6000,000;6000,000
000000000040000426;000026003822;000000000011000848;EUMULGIN CO 40;KG;6,240;6,240;0,000;0;35556,89;22491,15;5698,22000;3604,35096;-2093,87;-13065,75;0,00;-13065,75;4800,000;4800,000
000000000040000551;000026003815;000000000011000848;EUMULGIN CO 40;KG;2,660;2,660;0,000;0;15157,27;9587,57;5698,22000;3604,34962;-2093,87;-5569,69;0,00;-5569,69;2660,000;2660,000
000000000040000546;000026003823;000000000011000848;EUMULGIN CO 40;KG;5,000;5,000;0,000;0;28491,10;18021,75;5698,22000;3604,35000;-2093,87;-10469,35;0,00;-10469,35;5000,000;5000,000
000000000040000546;000026003824;000000000011000848;EUMULGIN CO 40;KG;3,700;3,700;0,000;0;21083,41;13336,10;5698,22000;3604,35135;-2093,87;-7747,32;0,00;-7747,32;3700,000;3700,000
000000000040000545;000026003808;000000000011000848;EUMULGIN CO 40;KG;15,840;15,850;0,010;0;90259,80;57128,95;5698,22000;3604,35016;-2093,87;-33187,84;56,98;-33130,86;5280,000;5280,000
000000000040000545;000026003806;000000000011000848;EUMULGIN CO 40;KG;15,000;15,000;0,000;0;85473,30;54065,26;5698,22000;3604,35067;-2093,87;-31408,05;0,00;-31408,05;5000,000;5000,000
000000000040000545;000026003807;000000000011000848;EUMULGIN CO 40;KG;15,000;15,000;0,000;0;85473,30;54065,26;5698,22000;3604,35067;-2093,87;-31408,05;0,00;-31408,05;5000,000;5000,000
000000000040000428;000025000759;000000000011000900;ALMIDON DE MAIZ ARCO REX (INDELMA);KG;10,800;10,800;0,000;0;6597,94;3961,12;610,92000;366,77037;-244,15;-2636,82;0,00;-2636,82;360,000;360,000
000000000040000521;000025000756;000000000011000900;ALMIDON DE MAIZ ARCO REX (INDELMA);KG;54,000;54,000;0,000;0;32989,68;19805,58;610,92000;366,77000;-244,15;-13184,10;0,00;-13184,10;360,000;360,000
000000000040000521;000025000757;000000000011000900;ALMIDON DE MAIZ ARCO REX (INDELMA);KG;21,750;21,750;0,000;0;13287,51;7977,25;610,92000;366,77011;-244,15;-5310,26;0,00;-5310,26;145,000;145,000
000000000040000428;000025000758;000000000011000900;ALMIDON DE MAIZ ARCO REX (INDELMA);KG;16,200;16,200;0,000;0;9896,90;5941,67;610,92000;366,76975;-244,15;-3955,23;0,00;-3955,23;540,000;540,000
000000000050000106;000025000761;000000000011001138;ENVASE TALCO 200 GRAMOS;ST;4606,000;4560,000;-46,000;-1;365992,76;231024,19;79,46000;50,66320;-28,80;-131328,00;-3655,16;-134983,16;4560,000;4560,000
000000000050000106;000025000761;000000000011001146;TAPAS TALCO CHICCO STD;ST;4606,000;4675,000;69,000;1;141542,38;83957,98;30,73000;17,95893;-12,77;-59699,75;2120,37;-57579,38;4560,000;4560,000
000000000050001045;000025000760;000000000011001146;TAPAS TALCO CHICCO STD;ST;5118,000;5076,000;-42,000;-1;157276,14;95339,54;30,73000;18,78242;-11,95;-60658,20;-1290,66;-61948,86;5067,000;5067,000
000000000050000975;000026003804;000000000011001178;CAJA TIPO 7;ST;3961,000;3924,000;-37,000;-1;1231910,61;1008612,72;311,01000;257,03688;-53,97;-211778,28;-11507,37;-223285,65;78424,000;78424,000
000000000050000517;000012000251;000000000011001178;CAJA TIPO 7;ST;358,000;358,000;0,000;0;111341,58;92019,20;311,01000;257,03687;-53,97;-19321,26;0,00;-19321,26;4244,000;4244,000
000000000040000538;000013000504;000000000011001179;CINTA EMBALAJE;M;1237,430;724,000;-513,430;-41;12250,56;4043,38;9,90000;5,58478;-4,32;-3127,68;-5082,96;-8210,64;8712346,000;8712346,000
000000000050001019;000022001362;000000000011001206;CAJA TIPO 9;ST;309,000;305,000;-4,000;-1;73220,64;40624,25;236,96000;133,19426;-103,77;-31649,85;-947,84;-32597,69;8542,000;8542,000
000000000050001011;000023000901;000000000011001206;CAJA TIPO 9;ST;1840,000;1826,000;-14,000;-1;436006,40;243488,43;236,96000;133,34525;-103,61;-189191,86;-3317,44;-192509,30;51009,000;51009,000
000000000050000443;000013000503;000000000011001225;CAJA TIPO 14;ST;344,000;340,000;-4,000;-1;109536,48;63605,35;318,42000;187,07456;-131,35;-44659,00;-1273,68;-45932,68;16341,000;16341,000
000000000050000443;000013000502;000000000011001225;CAJA TIPO 14;ST;183,000;181,000;-2,000;-1;58270,86;33860,49;318,42000;187,07453;-131,35;-23774,35;-636,84;-24411,19;8697,000;8697,000
000000000050001024;000013000505;000000000011001225;CAJA TIPO 14;ST;253,000;118,000;-135,000;-53;80560,26;22074,80;318,42000;187,07458;-131,35;-15499,30;-42986,70;-58486,00;12000,000;5672,000
000000000050001045;000025000760;000000000011001225;CAJA TIPO 14;ST;69,000;66,000;-3,000;-4;21970,98;12346,92;318,42000;187,07455;-131,35;-8669,10;-955,26;-9624,36;5067,000;5067,000
000000000050001045;000025000760;000000000011001249;CAJA TIPO 11;ST;146,000;145,000;-1,000;-1;45407,46;12599,87;311,01000;86,89566;-224,11;-32495,95;-311,01;-32806,96;5067,000;5067,000
000000000050000971;000020000414;000000000011001257;CAJA TIPO 13;ST;401,000;397,000;-4,000;-1;66810,61;32095,97;166,61000;80,84627;-85,76;-34046,72;-666,44;-34713,16;3965,000;3965,000
000000000050001189;000024000186;000000000011001257;CAJA TIPO 13;ST;1104,000;1090,000;-14,000;-1;183937,44;118365,22;166,61000;108,59194;-58,02;-63241,80;-2332,54;-65574,34;10922,000;10922,000
000000000050000899;000020000413;000000000011001257;CAJA TIPO 13;ST;398,000;395,000;-3,000;-1;66310,78;31934,27;166,61000;80,84625;-85,76;-33875,20;-499,83;-34375,03;3934,000;3934,000
000000000050000964;000021000786;000000000011001257;CAJA TIPO 13;ST;456,000;453,000;-3,000;-1;75974,16;46306,60;166,61000;102,22208;-64,39;-29168,67;-499,83;-29668,50;4514,000;4514,000
000000000050000963;000021000792;000000000011001257;CAJA TIPO 13;ST;453,000;448,000;-5,000;-1;75474,33;48649,19;166,61000;108,59194;-58,02;-25992,96;-833,05;-26826,01;4480,000;4480,000
000000000050000970;000023000904;000000000011001257;CAJA TIPO 13;ST;6274,000;2316,000;-3958,000;-63;1045311,14;289332,26;166,61000;124,92757;-41,68;-96530,88;-659442,38;-755973,26;62110,000;23120,000
000000000050000106;000025000761;000000000011001261;CAJA TIPO 5;ST;192,000;190,000;-2,000;-1;70377,60;52081,13;366,55000;274,11121;-92,44;-17563,60;-733,10;-18296,70;4560,000;4560,000
000000000050000517;000012000251;000000000011001355;"CINTA DE SEGURIDAD (CON IMPRESION) 2""";M;400,070;425,000;24,930;6;11938,09;8217,05;29,84000;19,33424;-10,51;-4466,75;743,91;-3722,84;4244,000;4244,000
000000000050001005;000026003817;000000000011001355;"CINTA DE SEGURIDAD (CON IMPRESION) 2""";M;495,640;389,500;-106,140;-21;14789,90;7530,68;29,84000;19,33422;-10,51;-4093,65;-3167,22;-7260,87;18696,000;18696,000
000000000050000899;000020000413;000000000011001355;"CINTA DE SEGURIDAD (CON IMPRESION) 2""";M;294,030;334,050;40,020;14;8773,86;6458,60;29,84000;19,33423;-10,51;-3510,87;1194,20;-2316,67;3934,000;3934,000
000000000050001045;000025000760;000000000011001355;"CINTA DE SEGURIDAD (CON IMPRESION) 2""";M;196,180;227,700;31,520;16;5854,01;4402,40;29,84000;19,33421;-10,51;-2393,13;940,56;-1452,57;5067,000;5067,000
000000000050000975;000026003804;000000000011001355;"CINTA DE SEGURIDAD (CON IMPRESION) 2""";M;4435,670;4439,040;3,370;0;132360,39;85825,40;29,84000;19,33423;-10,51;-46654,31;100,56;-46553,75;78424,000;78424,000
000000000050000106;000025000761;000000000011001355;"CINTA DE SEGURIDAD (CON IMPRESION) 2""";M;191,140;191,140;0,000;0;5703,62;3695,54;29,84000;19,33421;-10,51;-2008,88;0,00;-2008,88;4560,000;4560,000
000000000050001011;000023000901;000000000011001355;"CINTA DE SEGURIDAD (CON IMPRESION) 2""";M;1444,380;1456,800;12,420;1;43100,30;28166,12;29,84000;19,33424;-10,51;-15310,97;370,61;-14940,36;51009,000;51009,000
000000000050001024;000013000505;000000000011001355;"CINTA DE SEGURIDAD (CON IMPRESION) 2""";M;262,600;129,800;-132,800;-51;7835,98;2509,59;29,84000;19,33428;-10,51;-1364,20;-3962,75;-5326,95;12000,000;5672,000
000000000050000970;000023000904;000000000011001355;"CINTA DE SEGURIDAD (CON IMPRESION) 2""";M;4642,110;1848,800;-2793,310;-60;138520,56;35745,11;29,84000;19,33422;-10,51;-19430,89;-83352,37;-102783,26;62110,000;23120,000
000000000050000443;000013000503;000000000011001355;"CINTA DE SEGURIDAD (CON IMPRESION) 2""";M;347,290;408,000;60,710;17;10363,13;7888,38;29,84000;19,33426;-10,51;-4288,08;1811,59;-2476,49;16341,000;16341,000
000000000050001079;000026003825;000000000011001355;"CINTA DE SEGURIDAD (CON IMPRESION) 2""";M;1908,900;792,600;-1116,300;-58;56961,58;15324,31;29,84000;19,33423;-10,51;-8330,23;-33310,39;-41640,62;72000,000;31845,000
000000000050001005;000026003816;000000000011001355;"CINTA DE SEGURIDAD (CON IMPRESION) 2""";M;496,090;389,500;-106,590;-21;14803,33;7530,68;29,84000;19,33422;-10,51;-4093,65;-3180,65;-7274,30;18713,000;18713,000
000000000050000964;000021000786;000000000011001355;"CINTA DE SEGURIDAD (CON IMPRESION) 2""";M;337,380;360,800;23,420;7;10067,42;6975,79;29,84000;19,33423;-10,51;-3792,01;698,85;-3093,16;4514,000;4514,000
000000000050000971;000020000414;000000000011001355;"CINTA DE SEGURIDAD (CON IMPRESION) 2""";M;296,350;336,600;40,250;14;8843,08;6507,90;29,84000;19,33422;-10,51;-3537,67;1201,06;-2336,61;3965,000;3965,000
000000000050001189;000024000186;000000000011001355;"CINTA DE SEGURIDAD (CON IMPRESION) 2""";M;772,190;872,000;99,810;13;23042,15;16859,44;29,84000;19,33422;-10,51;-9164,72;2978,33;-6186,39;10922,000;10922,000
000000000050000443;000013000502;000000000011001355;"CINTA DE SEGURIDAD (CON IMPRESION) 2""";M;184,830;181,000;-3,830;-2;5515,33;3499,50;29,84000;19,33425;-10,51;-1902,31;-114,29;-2016,60;8697,000;8697,000
000000000050000963;000021000792;000000000011001355;"CINTA DE SEGURIDAD (CON IMPRESION) 2""";M;334,840;357,600;22,760;7;9991,63;6913,92;29,84000;19,33423;-10,51;-3758,38;679,16;-3079,22;4480,000;4480,000
000000000050001019;000022001362;000000000011001355;"CINTA DE SEGURIDAD (CON IMPRESION) 2""";M;241,880;244,000;2,120;1;7217,70;4717,56;29,84000;19,33426;-10,51;-2564,44;63,26;-2501,18;8542,000;8542,000
000000000050001005;000026003816;000000000011001387;BILAMINADO TH AMY SEC 72 UND;KG;119,204;122,500;3,296;3;181839,74;1,23;1525,45000;0,01004;-1525,44;-186866,40;5027,88;-181838,52;18713,000;18713,000
000000000050001045;000025000760;000000000011001455;ENVASE P/TALCO 100 GRAMOS;ST;5118,000;5076,000;-42,000;-1;415837,50;93362,35;81,25000;18,39290;-62,86;-319077,36;-3412,50;-322489,86;5067,000;5067,000
000000000050001019;000022001362;000000000011001480;TAPA FLIP TOP BLANCA CUELLO 20;ST;4216,000;4284,000;68,000;2;46839,76;0,04;11,11000;0,00001;-11,11;-47595,24;755,48;-46839,76;8542,000;8542,000
000000000050000899;000020000413;000000000011001483;ENVASE OVALADO PET 200 CC TRANSPARENTE;ST;3974,000;3943,000;-31,000;-1;423747,62;272691,10;106,63000;69,15828;-37,47;-147744,21;-3305,53;-151049,74;3934,000;3934,000
000000000050000443;000013000502;000000000011001574;ESTUCHE P/ HISOPOS AMY 60 UND;ST;8784,000;8704,000;-80,000;-1;175592,16;87594,57;19,99000;10,06371;-9,93;-86430,72;-1599,20;-88029,92;8697,000;8697,000
000000000050000443;000013000503;000000000011001574;ESTUCHE P/ HISOPOS AMY 60 UND;ST;16505,000;16347,000;-158,000;-1;329934,95;240560,76;19,99000;14,71590;-5,27;-86148,69;-3158,42;-89307,11;16341,000;16341,000
000000000040000282;000026003820;000000000011001668;GERDEX AL 10%;KG;6,699;6,720;0,021;0;16151,09;8478,81;2410,97000;1261,72768;-1149,24;-7722,89;50,63;-7672,26;33,000;33,000
000000000050000517;000012000251;000000000011001954;BOLSAS P/MOTAS ALGODON AMY 50 UNDS.;ST;4308,000;4259,000;-49,000;-1;125190,48;79322,38;29,06000;18,62465;-10,44;-44463,96;-1423,94;-45887,90;4244,000;4244,000
000000000040000513;000021000790;000000000011002006;COMPERLAN KD;KG;13,920;15,810;1,890;14;53034,09;36954,68;3809,92000;2337,42441;-1472,50;-23280,23;7200,75;-16079,48;928,000;928,000
000000000040000512;000021000789;000000000011002006;COMPERLAN KD;KG;13,785;13,800;0,015;0;52519,75;32256,46;3809,92000;2337,42464;-1472,50;-20320,50;57,15;-20263,35;919,000;919,000
000000000040000520;000024000187;000000000011002006;COMPERLAN KD;KG;37,350;37,500;0,150;0;142300,51;87653,41;3809,92000;2337,42427;-1472,50;-55218,75;571,49;-54647,26;2490,000;2490,000
000000000040000052;000026003831;000000000011002044;HIPOCLORITO AL 6%;KG;304,500;0,000;-304,500;-100;281857,38;0,00;925,64000;0,00000;-925,64;0,00;-281857,38;-281857,38;6000,000;670,861
000000000050001005;000026003816;000000000011002052;TELA SPUNLACE LISA 40 gr/m2, 190 mm;M2;38783,067;37806,600;-976,467;-3;2028742,23;1186592,52;52,31000;31,38586;-20,92;-790914,07;-51078,99;-841993,06;18713,000;18713,000
000000000052000048;000081000046;000000000011002052;TELA SPUNLACE LISA 40 gr/m2, 190 mm;M2;37481,887;30598,450;-6883,437;-18;1960677,51;969452,06;52,31000;31,68304;-20,63;-631246,02;-360072,59;-991318,61;42833,000;42833,000
000000000052000047;000081000040;000000000011002052;TELA SPUNLACE LISA 40 gr/m2, 190 mm;M2;18319,597;15125,050;-3194,547;-17;958298,12;479207,63;52,31000;31,68304;-20,63;-312029,78;-167106,75;-479136,53;20935,000;20935,000
000000000050001079;000026003825;000000000011002052;TELA SPUNLACE LISA 40 gr/m2, 190 mm;M2;63004,305;27870,400;-35133,905;-56;3295755,19;883019,13;52,31000;31,68304;-20,63;-574966,35;-1837854,57;-2412820,92;72000,000;31845,000
000000000040000322;000026003821;000000000011002054;TEGO 51;KG;4,000;4,000;0,000;0;40841,80;0,04;10210,45000;0,01000;-10210,44;-40841,76;0,00;-40841,76;200,000;200,000
000000000040000538;000013000504;000000000011002785;MASTERBACTCH BLANCO FBL 1000;KG;17,153;17,200;0,047;0;27118,72;12340,96;1580,99000;717,49767;-863,49;-14852,03;74,31;-14777,72;8712346,000;8712346,000
000000000050000443;000013000503;000000000011002824;ETIQ MAQUINA ZEBRA (48X100MM) TERM DIREC;ST;346,000;348,000;2,000;1;3203,96;1571,38;9,26000;4,51546;-4,74;-1649,52;18,52;-1631,00;16341,000;16341,000
000000000050001019;000022001362;000000000011002824;ETIQ MAQUINA ZEBRA (48X100MM) TERM DIREC;ST;310,000;312,000;2,000;1;2870,60;984,08;9,26000;3,15410;-6,11;-1906,32;18,52;-1887,80;8542,000;8542,000
000000000050000970;000023000904;000000000011002824;ETIQ MAQUINA ZEBRA (48X100MM) TERM DIREC;ST;6305,000;2319,000;-3986,000;-63;58384,30;19972,80;9,26000;8,61268;-0,65;-1507,35;-36910,36;-38417,71;62110,000;23120,000
000000000040000538;000013000504;000000000011002824;ETIQ MAQUINA ZEBRA (48X100MM) TERM DIREC;ST;277,000;298,000;21,000;8;2565,02;2165,08;9,26000;7,26537;-1,99;-593,02;194,46;-398,56;8712346,000;8712346,000
000000000050000899;000020000413;000000000011002824;ETIQ MAQUINA ZEBRA (48X100MM) TERM DIREC;ST;400,000;400,000;0,000;0;3704,00;2363,40;9,26000;5,90850;-3,35;-1340,00;0,00;-1340,00;3934,000;3934,000
000000000050000963;000021000792;000000000011002824;ETIQ MAQUINA ZEBRA (48X100MM) TERM DIREC;ST;455,000;454,000;-1,000;0;4213,30;3910,16;9,26000;8,61269;-0,65;-295,10;-9,26;-304,36;4480,000;4480,000
000000000050000971;000020000414;000000000011002824;ETIQ MAQUINA ZEBRA (48X100MM) TERM DIREC;ST;403,000;407,000;4,000;1;3731,78;2404,76;9,26000;5,90850;-3,35;-1363,45;37,04;-1326,41;3965,000;3965,000
000000000050001005;000026003816;000000000011002824;ETIQ MAQUINA ZEBRA (48X100MM) TERM DIREC;ST;792,000;790,000;-2,000;0;7333,92;6804,02;9,26000;8,61268;-0,65;-513,50;-18,52;-532,02;18713,000;18713,000
000000000050001045;000025000760;000000000011002824;ETIQ MAQUINA ZEBRA (48X100MM) TERM DIREC;ST;215,000;218,000;3,000;1;1990,90;1288,05;9,26000;5,90849;-3,35;-730,30;27,78;-702,52;5067,000;5067,000
000000000052000048;000081000046;000000000011002824;ETIQ MAQUINA ZEBRA (48X100MM) TERM DIREC;ST;1359,000;1367,000;8,000;1;12584,34;11773,52;9,26000;8,61267;-0,65;-888,55;74,08;-814,47;42833,000;42833,000
000000000050001011;000023000901;000000000011002824;ETIQ MAQUINA ZEBRA (48X100MM) TERM DIREC;ST;1850,000;1865,000;15,000;1;17131,00;12862,06;9,26000;6,89655;-2,36;-4401,40;138,90;-4262,50;51009,000;51009,000
000000000050001079;000026003825;000000000011002824;ETIQ MAQUINA ZEBRA (48X100MM) TERM DIREC;ST;1523,000;667,000;-856,000;-56;14102,98;5744,65;9,26000;8,61267;-0,65;-433,55;-7926,56;-8360,11;72000,000;31845,000
000000000050001024;000013000505;000000000011002824;ETIQ MAQUINA ZEBRA (48X100MM) TERM DIREC;ST;254,000;121,000;-133,000;-52;2352,04;1042,13;9,26000;8,61264;-0,65;-78,65;-1231,58;-1310,23;12000,000;5672,000
000000000050001189;000024000186;000000000011002824;ETIQ MAQUINA ZEBRA (48X100MM) TERM DIREC;ST;1109,000;1102,000;-7,000;-1;10269,34;9491,17;9,26000;8,61268;-0,65;-716,30;-64,82;-781,12;10922,000;10922,000
000000000050000443;000013000502;000000000011002824;ETIQ MAQUINA ZEBRA (48X100MM) TERM DIREC;ST;184,000;187,000;3,000;2;1703,84;1104,89;9,26000;5,90850;-3,35;-626,45;27,78;-598,67;8697,000;8697,000
000000000050000975;000026003804;000000000011002824;ETIQ MAQUINA ZEBRA (48X100MM) TERM DIREC;ST;3981,000;3956,000;-25,000;-1;36864,06;30218,01;9,26000;7,63853;-1,62;-6408,72;-231,50;-6640,22;78424,000;78424,000
000000000050000517;000012000251;000000000011002824;ETIQ MAQUINA ZEBRA (48X100MM) TERM DIREC;ST;359,000;357,000;-2,000;-1;3324,34;2109,33;9,26000;5,90849;-3,35;-1195,95;-18,52;-1214,47;4244,000;4244,000
000000000050000106;000025000761;000000000011002824;ETIQ MAQUINA ZEBRA (48X100MM) TERM DIREC;ST;193,000;198,000;5,000;3;1787,18;1169,88;9,26000;5,90848;-3,35;-663,30;46,30;-617,00;4560,000;4560,000
000000000050000964;000021000786;000000000011002824;ETIQ MAQUINA ZEBRA (48X100MM) TERM DIREC;ST;459,000;457,000;-2,000;0;4250,34;3935,99;9,26000;8,61267;-0,65;-297,05;-18,52;-315,57;4514,000;4514,000
000000000052000047;000081000040;000000000011002824;ETIQ MAQUINA ZEBRA (48X100MM) TERM DIREC;ST;764,000;764,000;0,000;0;7074,64;6580,09;9,26000;8,61268;-0,65;-496,60;0,00;-496,60;20935,000;20935,000
000000000040000513;000021000790;000000000011002914;BENZOATO DE SODIO;KG;4,640;4,650;0,010;0;6682,95;2264,76;1440,29000;487,04516;-953,24;-4432,57;14,40;-4418,17;928,000;928,000
000000000040000521;000025000757;000000000011002914;BENZOATO DE SODIO;KG;0,725;0,725;0,000;0;1044,21;353,11;1440,29000;487,04828;-953,24;-691,10;0,00;-691,10;145,000;145,000
000000000040000521;000025000756;000000000011002914;BENZOATO DE SODIO;KG;1,800;1,800;0,000;0;2592,52;876,68;1440,29000;487,04444;-953,25;-1715,85;0,00;-1715,85;360,000;360,000
000000000040000545;000026003806;000000000011002914;BENZOATO DE SODIO;KG;15,000;15,000;0,000;0;21604,35;9586,81;1440,29000;639,12067;-801,17;-12017,55;0,00;-12017,55;5000,000;5000,000
000000000040000545;000026003807;000000000011002914;BENZOATO DE SODIO;KG;15,000;15,000;0,000;0;21604,35;10727,38;1440,29000;715,15867;-725,13;-10876,95;0,00;-10876,95;5000,000;5000,000
000000000040000520;000024000187;000000000011002914;BENZOATO DE SODIO;KG;12,450;12,500;0,050;0;17931,61;8939,48;1440,29000;715,15840;-725,13;-9064,13;72,01;-8992,12;2490,000;2490,000
000000000040000512;000021000789;000000000011002914;BENZOATO DE SODIO;KG;4,595;4,600;0,005;0;6618,13;2240,41;1440,29000;487,04565;-953,24;-4384,90;7,20;-4377,70;919,000;919,000
000000000040000551;000026003815;000000000011002914;BENZOATO DE SODIO;KG;13,300;13,300;0,000;0;19155,86;13248,69;1440,29000;996,14211;-444,15;-5907,20;0,00;-5907,20;2660,000;2660,000
000000000040000545;000026003808;000000000011002914;BENZOATO DE SODIO;KG;15,840;15,840;0,000;0;22814,19;21814,44;1440,29000;1377,17424;-63,12;-999,82;0,00;-999,82;5280,000;5280,000
000000000040000549;000026003805;000000000011002914;BENZOATO DE SODIO;KG;6,650;6,650;0,000;0;9577,93;3238,84;1440,29000;487,04361;-953,25;-6339,11;0,00;-6339,11;1330,000;1330,000
000000000040000545;000026003807;000000000011002916;ÁCIDO LÁCTICO;KG;10,000;10,000;0,000;0;21696,90;9293,24;2169,69000;929,32400;-1240,37;-12403,70;0,00;-12403,70;5000,000;5000,000
000000000040000512;000021000789;000000000011002916;ÁCIDO LÁCTICO;KG;3,217;3,220;0,003;0;6979,89;2992,42;2169,69000;929,32298;-1240,37;-3993,99;6,51;-3987,48;919,000;919,000
000000000040000513;000021000790;000000000011002916;ÁCIDO LÁCTICO;KG;3,248;3,255;0,007;0;7047,15;3024,95;2169,69000;929,32412;-1240,37;-4037,40;15,19;-4022,21;928,000;928,000
000000000040000545;000026003808;000000000011002916;ÁCIDO LÁCTICO;KG;10,560;10,560;0,000;0;22911,93;9813,66;2169,69000;929,32386;-1240,37;-13098,31;0,00;-13098,31;5280,000;5280,000
000000000040000549;000026003805;000000000011002916;ÁCIDO LÁCTICO;KG;1,330;1,330;0,000;0;2885,69;1236,00;2169,69000;929,32331;-1240,37;-1649,69;0,00;-1649,69;1330,000;1330,000
000000000040000545;000026003806;000000000011002916;ÁCIDO LÁCTICO;KG;10,000;10,000;0,000;0;21696,90;9293,24;2169,69000;929,32400;-1240,37;-12403,70;0,00;-12403,70;5000,000;5000,000
000000000040000551;000026003815;000000000011002916;ÁCIDO LÁCTICO;KG;2,660;2,660;0,000;0;5771,38;2472,00;2169,69000;929,32331;-1240,37;-3299,38;0,00;-3299,38;2660,000;2660,000
000000000040000520;000024000187;000000000011002916;ÁCIDO LÁCTICO;KG;8,715;8,745;0,030;0;18908,85;14201,16;2169,69000;1623,91767;-545,77;-4772,76;65,09;-4707,67;2490,000;2490,000
000000000050000963;000021000792;000000000011002974;ETIQUETA FRONTAL CHAMPU CHICCO 200CC;ST;4548,000;4618,000;70,000;2;70721,40;43107,03;15,55000;9,33457;-6,22;-28723,96;1088,50;-27635,46;4480,000;4480,000
000000000050000963;000021000792;000000000011002975;ETIQUETA DORSAL CHAMPU CHICCO 200CC;ST;4548,000;4483,000;-65,000;-1;67355,88;50409,06;14,81000;11,24449;-3,57;-16004,31;-962,65;-16966,96;4480,000;4480,000
000000000050000964;000021000786;000000000011002977;ETIQUETA FRONTAL CHAMPU MANZANILLA 200CC;ST;4582,000;4514,000;-68,000;-1;74640,78;18734,27;16,29000;4,15026;-12,14;-54799,96;-1107,72;-55907,68;4514,000;4514,000
000000000050000964;000021000786;000000000011002978;ETIQ. DOR CHICCO CHAMPU MANZANILLA 200CC;ST;4582,000;4514,000;-68,000;-1;71250,10;17882,71;15,55000;3,96161;-11,59;-52317,26;-1057,40;-53374,66;4514,000;4514,000
000000000050000970;000023000904;000000000011002984;ETIQ FRONTAL/DORSAL CHICCO COLONIA 220CC;ST;63042,000;23120,000;-39922,000;-63;956977,56;288872,26;15,18000;12,49447;-2,69;-62192,80;-606015,96;-668208,76;62110,000;23120,000
000000000050000971;000020000414;000000000011002985;ETIQ FRONT/DORS CHICCO ACEITE 220CC;ST;4025,000;3965,000;-60,000;-1;168406,00;112028,54;41,84000;28,25436;-13,59;-53884,35;-2510,40;-56394,75;3965,000;3965,000
000000000050001079;000026003825;000000000011003087;CAJA TIPO 29;ST;1515,000;663,000;-852,000;-56;897501,15;398659,41;592,41000;601,29624;8,89;5894,07;-504733,32;-498839,25;72000,000;31845,000
000000000050001005;000026003816;000000000011003087;CAJA TIPO 29;ST;788,000;779,000;-9,000;-1;466819,08;468409,78;592,41000;601,29625;8,89;6925,31;-5331,69;1593,62;18713,000;18713,000
000000000050000975;000026003804;000000000011003093;ETIQUETAS RESELLABLES P/WIPES (72x40);ST;79601,000;81255,000;1654,000;2;398005,00;336632,50;5,00000;4,14291;-0,86;-69879,30;8270,00;-61609,30;78424,000;78424,000
000000000052000048;000081000046;000000000011003093;ETIQUETAS RESELLABLES P/WIPES (72x40);ST;43476,000;43006,000;-470,000;-1;217380,00;189862,06;5,00000;4,41478;-0,59;-25373,54;-2350,00;-27723,54;42833,000;42833,000
000000000050001005;000026003816;000000000011003093;ETIQUETAS RESELLABLES P/WIPES (72x40);ST;18994,000;20000,000;1006,000;5;94970,00;126491,00;5,00000;6,32455;1,32;26400,00;5030,00;31430,00;18713,000;18713,000
000000000050001079;000026003825;000000000011003093;ETIQUETAS RESELLABLES P/WIPES (72x40);ST;73080,000;32323,000;-40757,000;-56;365400,00;225669,69;5,00000;6,98171;1,98;63999,54;-203785,00;-139785,46;72000,000;31845,000
000000000052000047;000081000040;000000000011003093;ETIQUETAS RESELLABLES P/WIPES (72x40);ST;22562,000;21830,000;-732,000;-3;112810,00;90017,55;5,00000;4,12357;-0,88;-19210,40;-3660,00;-22870,40;20935,000;20935,000
000000000050000975;000026003804;000000000011003103;BILAMINADO TH CHICCO 48 UN;KG;389,705;400,296;10,591;3;956425,70;681024,54;2454,23000;1701,30239;-752,93;-301394,87;25992,75;-275402,12;78424,000;78424,000
000000000050000963;000021000792;000000000011003109;TAPA LISA FLIP TOP BLANCA C- 24-415;ST;4525,000;4487,000;-38,000;-1;94979,75;25429,08;20,99000;5,66728;-15,32;-68740,84;-797,62;-69538,46;4480,000;4480,000
000000000050000970;000023000904;000000000011003109;TAPA LISA FLIP TOP BLANCA C- 24-415;ST;62732,000;23120,000;-39612,000;-63;1316744,68;131027,46;20,99000;5,66728;-15,32;-354198,40;-831455,88;-1185654,28;62110,000;23120,000
000000000050001189;000024000186;000000000011003109;TAPA LISA FLIP TOP BLANCA C- 24-415;ST;11032,000;10922,000;-110,000;-1;231561,68;61898,01;20,99000;5,66728;-15,32;-167325,04;-2308,90;-169633,94;10922,000;10922,000
000000000050000964;000021000786;000000000011003109;TAPA LISA FLIP TOP BLANCA C- 24-415;ST;4560,000;4522,000;-38,000;-1;95714,40;25627,43;20,99000;5,66728;-15,32;-69277,04;-797,62;-70074,66;4514,000;4514,000
000000000050000971;000020000414;000000000011003109;TAPA LISA FLIP TOP BLANCA C- 24-415;ST;4005,000;3970,000;-35,000;-1;84064,95;22499,09;20,99000;5,66728;-15,32;-60820,40;-734,65;-61555,05;3965,000;3965,000
000000000050001011;000023000901;000000000011003116;ENVASE PET OVAL C/SILUETA TRANSP 100 ML;ST;51520,000;51102,000;-418,000;-1;2861420,80;2777952,32;55,54000;54,36093;-1,18;-60300,36;-23215,72;-83516,08;51009,000;51009,000
000000000050001019;000022001362;000000000011003116;ENVASE PET OVAL C/SILUETA TRANSP 100 ML;ST;8628,000;8545,000;-83,000;-1;479199,12;296031,63;55,54000;34,64384;-20,90;-178590,50;-4609,82;-183200,32;8542,000;8542,000
000000000050001011;000023000901;000000000011003118;ETIQ FRONTAL/DORSAL CHICCO COLONIA 100ML;ST;51775,000;51063,000;-712,000;-1;632690,50;366802,39;12,22000;7,18333;-5,04;-257357,52;-8700,64;-266058,16;51009,000;51009,000
000000000050001011;000023000901;000000000011003119;TAPA LISA FLIP TOP BLANCA C- 20;ST;51520,000;51043,000;-477,000;-1;534262,40;448166,10;10,37000;8,78017;-1,59;-81158,37;-4946,49;-86104,86;51009,000;51009,000
000000000050001019;000022001362;000000000011003123;ETIQ FRONT CHICCO GEL ANTIBACT 100ML;ST;8671,000;8813,000;142,000;2;102751,35;59923,80;11,85000;6,79948;-5,05;-44505,65;1682,70;-42822,95;8542,000;8542,000
000000000050001019;000022001362;000000000011003124;ETIQ DORSA CHICCO GEL ANTIBACT 100ML;ST;8671,000;9056,000;385,000;4;96334,81;57727,57;11,11000;6,37451;-4,74;-42925,44;4277,35;-38648,09;8542,000;8542,000
000000000050001024;000013000505;000000000011003152;ESTUCHE P/COTTON CHICCO 60 PZA;ST;12120,000;5721,000;-6399,000;-53;300697,20;107891,11;24,81000;18,85879;-5,95;-34039,95;-158759,19;-192799,14;12000,000;5672,000
000000000050001045;000025000760;000000000011003187;ETIQUETA FRONTAL CHICCO TALCO 100GRS;ST;5144,000;5070,000;-74,000;-1;41923,60;10042,69;8,15000;1,98081;-6,17;-31281,90;-603,10;-31885,00;5067,000;5067,000
000000000050001045;000025000760;000000000011003188;ETIQUETA DORSAL CHICCO TALCO 100G;ST;5144,000;5071,000;-73,000;-1;36162,32;8609,71;7,03000;1,69783;-5,33;-27028,43;-513,19;-27541,62;5067,000;5067,000
000000000040000551;000026003815;000000000011003207;ACIDO HIALURONICO;KG;0,266;0,265;-0,001;0;12698,02;705,54;47736,90000;2662,41509;-45074,48;-11944,74;-47,74;-11992,48;2660,000;2660,000
000000000040000549;000026003805;000000000011003207;ACIDO HIALURONICO;KG;0,133;0,135;0,002;2;6349,01;359,42;47736,90000;2662,37037;-45074,53;-6085,06;95,47;-5989,59;1330,000;1330,000
000000000050001079;000026003825;000000000011003242;BILAMINADO TH AMY SEC 24 UN TRAVEL;KG;279,972;125,800;-154,172;-55;559283,27;225390,44;1997,64000;1791,65692;-205,98;-25912,28;-307980,15;-333892,43;72000,000;31845,000
000000000040000520;000024000187;000000000011003248;COCAMIDOPROPIL BETAINA 30%;KG;149,400;150,000;0,600;0;215179,33;94749,88;1440,29000;631,66587;-808,62;-121293,00;864,17;-120428,83;2490,000;2490,000
000000000040000513;000021000790;000000000011003248;COCAMIDOPROPIL BETAINA 30%;KG;46,400;46,500;0,100;0;66829,46;61816,08;1440,29000;1329,37806;-110,91;-5157,32;144,03;-5013,29;928,000;928,000
000000000040000512;000021000789;000000000011003248;COCAMIDOPROPIL BETAINA 30%;KG;50,545;68,990;18,445;36;72799,46;23381,77;1440,29000;338,91535;-1101,37;-75983,52;26566,15;-49417,37;919,000;919,000
000000000050001005;000026003817;000000000011003312;ETIQUETA IDENT REGISTRO SANIT TH AMY 72P;ST;18977,000;19071,000;94,000;0;35107,45;20261,40;1,85000;1,06242;-0,79;-15066,09;173,90;-14892,19;18696,000;18696,000
000000000050000971;000020000414;000000000011003324;ENV. PET OVAL C/SILU TRANSP 220ML COR-PL;ST;4005,000;3966,000;-39,000;-1;375148,35;252549,91;93,67000;63,67875;-29,99;-118940,34;-3653,13;-122593,47;3965,000;3965,000
000000000050001189;000024000186;000000000011003324;ENV. PET OVAL C/SILU TRANSP 220ML COR-PL;ST;11032,000;10933,000;-99,000;-1;1033367,44;753636,91;93,67000;68,93231;-24,74;-270482,42;-9273,33;-279755,75;10922,000;10922,000
000000000050000970;000023000904;000000000011003324;ENV. PET OVAL C/SILU TRANSP 220ML COR-PL;ST;62732,000;23120,000;-39612,000;-63;5876106,44;1507191,14;93,67000;65,18993;-28,48;-658457,60;-3710456,04;-4368913,64;62110,000;23120,000
000000000050000964;000021000786;000000000011003325;ENV. PET OVAL C/SILU BLANCO 220ML COR-PL;ST;4560,000;4517,000;-43,000;-1;391704,00;416466,63;85,90000;92,19983;6,30;28457,10;-3693,70;24763,40;4514,000;4514,000
000000000050000963;000021000792;000000000011003325;ENV. PET OVAL C/SILU BLANCO 220ML COR-PL;ST;4525,000;4481,000;-44,000;-1;388697,50;377155,61;85,90000;84,16773;-1,73;-7752,13;-3779,60;-11531,73;4480,000;4480,000
000000000050001189;000024000186;000000000011003368;ETIQ FRONT-DORS CHICCO JABON LIQ 220 ML;ST;11086,000;10943,000;-143,000;-1;148995,84;334289,85;13,44000;30,54828;17,11;187234,73;-1921,92;185312,81;10922,000;10922,000
000000000050001019;000022001362;000000000011003371;TAPA LISA FLIP TOP BLANCA C- 20 PLASTINA;ST;4412,000;4358,000;-54,000;-1;32692,92;5007,67;7,41000;1,14908;-6,26;-27281,08;-400,14;-27681,22;8542,000;8542,000
000000000040000513;000021000790;000000000011003415;GENAPOL 70%;KG;106,720;115,650;8,930;8;231549,32;56967,48;2169,69000;492,58521;-1677,10;-193956,62;19375,33;-174581,29;928,000;928,000
000000000040000512;000021000789;000000000011003415;GENAPOL 70%;KG;101,090;100,220;-0,870;-1;219333,96;46637,80;2169,69000;465,35422;-1704,34;-170808,95;-1887,63;-172696,58;919,000;919,000
000000000040000520;000024000187;000000000011003415;GENAPOL 70%;KG;286,350;287,500;1,150;0;621290,73;249178,46;2169,69000;866,70769;-1302,98;-374606,75;2495,14;-372111,61;2490,000;2490,000
000000000040000513;000021000790;000000000011003426;CLORURO DE SODIO USP;KG;11,136;13,950;2,814;25;1814,17;2081,70;162,91000;149,22581;-13,68;-190,84;458,43;267,59;928,000;928,000
000000000040000520;000024000187;000000000011003426;CLORURO DE SODIO USP;KG;12,450;25,000;12,550;101;2028,23;3730,64;162,91000;149,22560;-13,68;-342,00;2044,52;1702,52;2490,000;2490,000
000000000040000512;000021000789;000000000011003426;CLORURO DE SODIO USP;KG;4,595;9,200;4,605;100;748,57;1359,20;162,91000;147,73913;-15,17;-139,56;750,20;610,64;919,000;919,000
000000000050000975;000026003804;000000000011003482;TELA SPUNL EMBOZADA 45gr/m2, 190mm 70-30;M2;108356,873;110226,400;1869,527;2;6583763,60;3890062,42;60,76000;35,29157;-25,47;-2807466,41;113592,46;-2693873,95;78424,000;78424,000
000000000050000899;000020000413;000000000011003486;ETIQ FRONTAL/DORSAL AMY ACEITE 220ML;ST;3994,000;3937,000;-57,000;-1;128287,28;58700,67;32,12000;14,91000;-17,21;-67755,77;-1830,84;-69586,61;3934,000;3934,000
000000000050000106;000025000761;000000000011003493;ETIQ FRONTAL AMY TALCO 200G;ST;4629,000;4577,000;-52,000;-1;95959,17;61379,45;20,73000;13,41041;-7,32;-33503,64;-1077,96;-34581,60;4560,000;4560,000
000000000050000106;000025000761;000000000011003494;ETIQ DORSAL AMY TALCO 200G;ST;4629,000;4572,000;-57,000;-1;89108,25;60169,09;19,25000;13,16034;-6,09;-27843,48;-1097,25;-28940,73;4560,000;4560,000
000000000040000549;000026003805;000000000012000022;FRAGANCIA MANZANILLA INTYLACT;KG;0,665;0,664;-0,001;0;0,00;0,00;0,00000;0,00000;0,00;0,00;0,00;0,00;1330,000;1330,000
000000000040000551;000026003815;000000000012000024;FRAGANCIA ENERGY SPA INTYLACT;KG;1,330;1,330;0,000;0;0,00;0,00;0,00000;0,00000;0,00;0,00;0,00;0,00;2660,000;2660,000
000000000052000047;000081000040;000000000012000026;BILAMINADO INTYLACT TH INTIMA MANZLLA 20;KG;71,179;73,940;2,761;4;0,00;29862,54;0,00000;403,87530;403,88;29862,89;0,00;29862,89;20935,000;20935,000
000000000052000048;000081000046;000000000012000028;BILAMINADO INTYLACT TH INTIMA ARANDAN 20;KG;145,633;146,430;0,797;1;0,00;59139,50;0,00000;403,87557;403,88;59140,15;0,00;59140,15;42833,000;42833,000
000000000052000048;000081000046;000000000012000049;CAJA DE SERVICIO TIPO 1 (INTYLACT);ST;1352,000;1342,000;-10,000;-1;0,00;0,00;0,00000;0,00000;0,00;0,00;0,00;0,00;42833,000;42833,000
000000000052000047;000081000047;000000000012000049;CAJA DE SERVICIO TIPO 1 (INTYLACT);ST;10,000;10,000;0,000;0;0,00;0,00;0,00000;0,00000;0,00;0,00;0,00;0,00;1312,000;1312,000
000000000052000047;000081000040;000000000012000049;CAJA DE SERVICIO TIPO 1 (INTYLACT);ST;702,000;660,000;-42,000;-6;0,00;0,00;0,00000;0,00000;0,00;0,00;0,00;0,00;20935,000;20935,000
000000000052000048;000081000046;000000000012000051;CINTA DE EMBALAR TRANSPARENTE (INTYLACT);M;1406,000;1526,760;120,760;9;0,00;0,00;0,00000;0,00000;0,00;0,00;0,00;0,00;42833,000;42833,000
000000000052000047;000081000040;000000000012000051;CINTA DE EMBALAR TRANSPARENTE (INTYLACT);M;687,200;783,000;95,800;14;0,00;0,00;0,00000;0,00000;0,00;0,00;0,00;0,00;20935,000;20935,000
000000000052000047;000081000047;000000000012000051;CINTA DE EMBALAR TRANSPARENTE (INTYLACT);M;43,240;43,240;0,000;0;0,00;0,00;0,00000;0,00000;0,00;0,00;0,00;0,00;1312,000;1312,000
000000000040000583;000025000762;000000000012000074;TALCO USP (VITA);KG;261,360;261,360;0,000;0;0,00;0,00;0,00000;0,00000;0,00;0,00;0,00;0,00;540,000;540,000
000000000040000583;000025000763;000000000012000074;TALCO USP (VITA);KG;174,240;174,240;0,000;0;0,00;0,00;0,00000;0,00000;0,00;0,00;0,00;0,00;360,000;360,000
000000000040000583;000025000765;000000000012000074;TALCO USP (VITA);KG;246,840;246,840;0,000;0;0,00;0,00;0,00000;0,00000;0,00;0,00;0,00;0,00;510,000;510,000
000000000040000583;000025000764;000000000012000074;TALCO USP (VITA);KG;246,840;246,840;0,000;0;0,00;0,00;0,00000;0,00000;0,00;0,00;0,00;0,00;510,000;510,000
000000000040000583;000025000765;000000000012000075;ACIDO BORICO (VITA);KG;25,500;25,500;0,000;0;0,00;0,00;0,00000;0,00000;0,00;0,00;0,00;0,00;510,000;510,000
000000000040000583;000025000764;000000000012000075;ACIDO BORICO (VITA);KG;25,500;25,500;0,000;0;0,00;0,00;0,00000;0,00000;0,00;0,00;0,00;0,00;510,000;510,000
000000000040000583;000025000762;000000000012000075;ACIDO BORICO (VITA);KG;27,000;27,000;0,000;0;0,00;0,00;0,00000;0,00000;0,00;0,00;0,00;0,00;540,000;540,000
000000000040000583;000025000763;000000000012000075;ACIDO BORICO (VITA);KG;18,000;18,000;0,000;0;0,00;0,00;0,00000;0,00000;0,00;0,00;0,00;0,00;360,000;360,000
000000000040000583;000025000765;000000000012000077;ACIDO SALICILICO (VITA);KG;5,100;5,100;0,000;0;0,00;0,00;0,00000;0,00000;0,00;0,00;0,00;0,00;510,000;510,000
000000000040000583;000025000764;000000000012000077;ACIDO SALICILICO (VITA);KG;5,100;5,100;0,000;0;0,00;0,00;0,00000;0,00000;0,00;0,00;0,00;0,00;510,000;510,000
000000000040000583;000025000763;000000000012000077;ACIDO SALICILICO (VITA);KG;3,600;3,600;0,000;0;0,00;0,00;0,00000;0,00000;0,00;0,00;0,00;0,00;360,000;360,000
000000000040000583;000025000762;000000000012000077;ACIDO SALICILICO (VITA);KG;5,400;5,400;0,000;0;0,00;0,00;0,00000;0,00000;0,00;0,00;0,00;0,00;540,000;540,000
000000000040000583;000025000762;000000000012000078;MENTOL (VITA);KG;2,700;2,700;0,000;0;0,00;0,00;0,00000;0,00000;0,00;0,00;0,00;0,00;540,000;540,000
000000000040000583;000025000763;000000000012000078;MENTOL (VITA);KG;1,800;1,800;0,000;0;0,00;0,00;0,00000;0,00000;0,00;0,00;0,00;0,00;360,000;360,000
000000000040000583;000025000765;000000000012000078;MENTOL (VITA);KG;2,550;2,550;0,000;0;0,00;0,00;0,00000;0,00000;0,00;0,00;0,00;0,00;510,000;510,000
000000000040000583;000025000764;000000000012000078;MENTOL (VITA);KG;2,550;2,550;0,000;0;0,00;0,00;0,00000;0,00000;0,00;0,00;0,00;0,00;510,000;510,000
000000000040000583;000025000762;000000000012000079;ALCANFOR (VITA);KG;5,400;5,400;0,000;0;0,00;0,00;0,00000;0,00000;0,00;0,00;0,00;0,00;540,000;540,000
000000000040000583;000025000763;000000000012000079;ALCANFOR (VITA);KG;3,600;3,600;0,000;0;0,00;0,00;0,00000;0,00000;0,00;0,00;0,00;0,00;360,000;360,000
000000000040000583;000025000765;000000000012000079;ALCANFOR (VITA);KG;5,100;5,100;0,000;0;0,00;0,00;0,00000;0,00000;0,00;0,00;0,00;0,00;510,000;510,000
000000000040000583;000025000764;000000000012000079;ALCANFOR (VITA);KG;5,100;5,100;0,000;0;0,00;0,00;0,00000;0,00000;0,00;0,00;0,00;0,00;510,000;510,000
000000000040000583;000025000762;000000000012000081;CARBONATO DE CALCIO (VITA);KG;43,200;43,200;0,000;0;0,00;0,00;0,00000;0,00000;0,00;0,00;0,00;0,00;540,000;540,000
000000000040000583;000025000765;000000000012000081;CARBONATO DE CALCIO (VITA);KG;40,800;40,800;0,000;0;0,00;0,00;0,00000;0,00000;0,00;0,00;0,00;0,00;510,000;510,000
000000000040000583;000025000764;000000000012000081;CARBONATO DE CALCIO (VITA);KG;40,800;40,800;0,000;0;0,00;0,00;0,00000;0,00000;0,00;0,00;0,00;0,00;510,000;510,000
000000000040000583;000025000763;000000000012000081;CARBONATO DE CALCIO (VITA);KG;28,800;28,800;0,000;0;0,00;0,00;0,00000;0,00000;0,00;0,00;0,00;0,00;360,000;360,000
000000000040000583;000025000762;000000000012000084;ALMIDON DE MAIZ (VITA);KG;54,000;54,000;0,000;0;0,00;0,00;0,00000;0,00000;0,00;0,00;0,00;0,00;540,000;540,000
000000000040000583;000025000763;000000000012000084;ALMIDON DE MAIZ (VITA);KG;36,000;36,000;0,000;0;0,00;0,00;0,00000;0,00000;0,00;0,00;0,00;0,00;360,000;360,000
000000000040000583;000025000764;000000000012000084;ALMIDON DE MAIZ (VITA);KG;51,000;51,000;0,000;0;0,00;0,00;0,00000;0,00000;0,00;0,00;0,00;0,00;510,000;510,000
000000000040000583;000025000765;000000000012000084;ALMIDON DE MAIZ (VITA);KG;51,000;51,000;0,000;0;0,00;0,00;0,00000;0,00000;0,00;0,00;0,00;0,00;510,000;510,000
000000000040000583;000025000764;000000000012000086;ESTEARATO DE MAGNESIO (VITA);KG;20,400;20,400;0,000;0;0,00;0,00;0,00000;0,00000;0,00;0,00;0,00;0,00;510,000;510,000
000000000040000583;000025000763;000000000012000086;ESTEARATO DE MAGNESIO (VITA);KG;14,400;14,400;0,000;0;0,00;0,00;0,00000;0,00000;0,00;0,00;0,00;0,00;360,000;360,000
000000000040000583;000025000762;000000000012000086;ESTEARATO DE MAGNESIO (VITA);KG;21,600;21,600;0,000;0;0,00;0,00;0,00000;0,00000;0,00;0,00;0,00;0,00;540,000;540,000
000000000040000583;000025000765;000000000012000086;ESTEARATO DE MAGNESIO (VITA);KG;20,400;20,400;0,000;0;0,00;0,00;0,00000;0,00000;0,00;0,00;0,00;0,00;510,000;510,000
000000000040000583;000025000764;000000000012000088;OXIDO DE ZINC (VITA);KG;112,200;112,200;0,000;0;0,00;0,00;0,00000;0,00000;0,00;0,00;0,00;0,00;510,000;510,000
000000000040000583;000025000763;000000000012000088;OXIDO DE ZINC (VITA);KG;79,200;79,200;0,000;0;0,00;0,00;0,00000;0,00000;0,00;0,00;0,00;0,00;360,000;360,000
000000000040000583;000025000762;000000000012000088;OXIDO DE ZINC (VITA);KG;118,800;118,800;0,000;0;0,00;0,00;0,00000;0,00000;0,00;0,00;0,00;0,00;540,000;540,000
000000000040000583;000025000765;000000000012000088;OXIDO DE ZINC (VITA);KG;112,200;112,200;0,000;0;0,00;0,00;0,00000;0,00000;0,00;0,00;0,00;0,00;510,000;510,000
000000000040000583;000025000764;000000000012000090;OXIDO DE HIERRO ROJO (VITA);KG;0,102;0,102;0,000;0;0,00;0,00;0,00000;0,00000;0,00;0,00;0,00;0,00;510,000;510,000
000000000040000583;000025000763;000000000012000090;OXIDO DE HIERRO ROJO (VITA);KG;0,072;0,072;0,000;0;0,00;0,00;0,00000;0,00000;0,00;0,00;0,00;0,00;360,000;360,000
000000000040000583;000025000762;000000000012000090;OXIDO DE HIERRO ROJO (VITA);KG;0,108;0,108;0,000;0;0,00;0,00;0,00000;0,00000;0,00;0,00;0,00;0,00;540,000;540,000
000000000040000583;000025000765;000000000012000090;OXIDO DE HIERRO ROJO (VITA);KG;0,102;0,102;0,000;0;0,00;0,00;0,00000;0,00000;0,00;0,00;0,00;0,00;510,000;510,000
000000000040000583;000025000764;000000000012000091;FRAGANCIA VIOLETA (VITA);KG;0,408;0,408;0,000;0;0,00;0,00;0,00000;0,00000;0,00;0,00;0,00;0,00;510,000;510,000
000000000040000583;000025000763;000000000012000091;FRAGANCIA VIOLETA (VITA);KG;0,288;0,288;0,000;0;0,00;0,00;0,00000;0,00000;0,00;0,00;0,00;0,00;360,000;360,000
000000000040000583;000025000762;000000000012000091;FRAGANCIA VIOLETA (VITA);KG;0,432;0,432;0,000;0;0,00;0,00;0,00000;0,00000;0,00;0,00;0,00;0,00;540,000;540,000
000000000040000583;000025000765;000000000012000091;FRAGANCIA VIOLETA (VITA);KG;0,408;0,408;0,000;0;0,00;0,00;0,00000;0,00000;0,00;0,00;0,00;0,00;510,000;510,000
000000000052000069;000081000041;000000000012000093;CAJA CORRUGADA BOROCANFOR 60G (VITA);ST;620,000;625,000;5,000;1;0,00;0,00;0,00000;0,00000;0,00;0,00;0,00;0,00;14711,000;14711,000
000000000052000070;000081000043;000000000012000094;CAJA CORRUGADA BOROCANFOR 120G (VITA);ST;354,000;350,000;-4,000;-1;0,00;0,00;0,00000;0,00000;0,00;0,00;0,00;0,00;8391,000;8391,000
000000000052000069;000081000041;000000000012000098;ENVASE BOROCANFOR 60G (VITA);ST;14859,000;14751,000;-108,000;-1;0,00;0,00;0,00000;0,00000;0,00;0,00;0,00;0,00;14711,000;14711,000
000000000052000070;000081000043;000000000012000099;ENVASE BOROCANFOR 120G (VITA);ST;8475,000;8392,000;-83,000;-1;0,00;0,00;0,00000;0,00000;0,00;0,00;0,00;0,00;8391,000;8391,000
000000000052000070;000081000043;000000000012000100;TAPA BOROCANFOR ORIGINAL (VITA);ST;8475,000;8391,000;-84,000;-1;0,00;0,00;0,00000;0,00000;0,00;0,00;0,00;0,00;8391,000;8391,000
000000000052000069;000081000041;000000000012000100;TAPA BOROCANFOR ORIGINAL (VITA);ST;14859,000;14711,000;-148,000;-1;0,00;0,00;0,00000;0,00000;0,00;0,00;0,00;0,00;14711,000;14711,000
000000000052000069;000081000041;000000000012000101;CINTA DE EMBALAJE (VITA);M;532,420;521,000;-11,420;-2;0,00;0,00;0,00000;0,00000;0,00;0,00;0,00;0,00;14711,000;14711,000
000000000052000070;000081000043;000000000012000101;CINTA DE EMBALAJE (VITA);M;303,690;446,000;142,310;47;0,00;0,00;0,00000;0,00000;0,00;0,00;0,00;0,00;8391,000;8391,000
000000000052000048;000081000046;000000000012000113; EXHIBIDORP/INTYLACT TH INTIMA ARANDA 20;ST;2704,000;2676,000;-28,000;-1;0,00;0,00;0,00000;0,00000;0,00;0,00;0,00;0,00;42833,000;42833,000
000000000052000047;000081000047;000000000012000115; EXHIBIDORP/INTYLACT TH INTIMA MANZAN 20;ST;82,000;82,000;0,000;0;0,00;0,00;0,00000;0,00000;0,00;0,00;0,00;0,00;1312,000;1312,000
000000000052000047;000081000040;000000000012000115; EXHIBIDORP/INTYLACT TH INTIMA MANZAN 20;ST;1363,000;1212,000;-151,000;-11;0,00;0,00;0,00000;0,00000;0,00;0,00;0,00;0,00;20935,000;20935,000
000000000040000538;000013000504;000000000030000789;CAJA/ TAPAS CORRUGADA  P/ BASTONCITOS;ST;276,000;272,000;-4,000;-1;0,00;0,00;0,00000;0,00000;0,00;0,00;0,00;0,00;8712346,000;8712346,000
000000000050000899;000020000413;000000000030001404;TAPA PUSH AND PULL  (PUNTO AMARILLO);ST;3974,000;3934,000;-40,000;-1;0,00;0,00;0,00000;0,00000;0,00;0,00;0,00;0,00;3934,000;3934,000
000000000040000546;000026003823;000000000040000052;AGUA DESMINERALIZADA;KG;4928,500;4928,500;0,000;0;295,71;295,71;0,06000;0,06000;0,00;0,00;0,00;0,00;5000,000;5000,000
000000000040000551;000026003815;000000000040000052;AGUA DESMINERALIZADA;KG;2587,382;2587,382;0,000;0;155,24;155,25;0,06000;0,06000;0,00;0,00;0,00;0,00;2660,000;2660,000
000000000040000545;000026003806;000000000040000052;AGUA DESMINERALIZADA;KG;4880,500;4880,500;0,000;0;292,83;292,84;0,06000;0,06000;0,00;0,00;0,00;0,00;5000,000;5000,000
000000000040000549;000026003805;000000000040000052;AGUA DESMINERALIZADA;KG;1292,361;1292,361;0,000;0;77,54;77,54;0,06000;0,06000;0,00;0,00;0,00;0,00;1330,000;1330,000
000000000040000097;000023000902;000000000040000052;AGUA DESMINERALIZADA;KG;2141,320;2144,000;2,680;0;128,48;128,64;0,06000;0,06000;0,00;0,00;0,16;0,16;6392,000;6392,000
000000000040000545;000026003808;000000000040000052;AGUA DESMINERALIZADA;KG;5153,808;5153,808;0,000;0;309,23;309,23;0,06000;0,06000;0,00;0,00;0,00;0,00;5280,000;5280,000
000000000040000512;000021000789;000000000040000052;AGUA DESMINERALIZADA;KG;658,923;659,640;0,717;0;39,54;39,58;0,06000;0,06000;0,00;0,00;0,04;0,04;919,000;919,000
000000000040000322;000026003821;000000000040000052;AGUA DESMINERALIZADA;KG;196,000;196,000;0,000;0;11,76;11,76;0,06000;0,06000;0,00;0,00;0,00;0,00;200,000;200,000
000000000040000282;000026003820;000000000040000052;AGUA DESMINERALIZADA;KG;26,400;26,400;0,000;0;1,58;1,58;0,06000;0,05985;0,00;0,00;0,00;0,00;33,000;33,000
000000000040000175;000026003819;000000000040000052;AGUA DESMINERALIZADA;KG;60,000;60,000;0,000;0;3,60;3,60;0,06000;0,06000;0,00;0,00;0,00;0,00;200,000;200,000
000000000040000118;000026003818;000000000040000052;AGUA DESMINERALIZADA;KG;49,300;49,300;0,000;0;2,96;2,96;0,06000;0,06004;0,00;0,00;0,00;0,00;100,000;100,000
000000000040000545;000026003807;000000000040000052;AGUA DESMINERALIZADA;KG;4880,500;4880,500;0,000;0;292,83;292,82;0,06000;0,06000;0,00;0,00;0,00;0,00;5000,000;5000,000
000000000040000097;000023000907;000000000040000052;AGUA DESMINERALIZADA;KG;1773,490;1775,500;2,010;0;106,41;106,53;0,06000;0,06000;0,00;0,00;0,12;0,12;5294,000;5294,000
000000000040000097;000023000903;000000000040000052;AGUA DESMINERALIZADA;KG;2123,900;2127,250;3,350;0;127,43;127,63;0,06000;0,06000;0,00;0,00;0,20;0,20;6340,000;6340,000
000000000040000546;000026003824;000000000040000052;AGUA DESMINERALIZADA;KG;3647,090;3647,090;0,000;0;218,83;218,82;0,06000;0,06000;0,00;0,00;0,00;0,00;3700,000;3700,000
000000000040000513;000021000790;000000000040000052;AGUA DESMINERALIZADA;KG;667,232;668,670;1,438;0;40,03;40,12;0,06000;0,06000;0,00;0,00;0,09;0,09;928,000;928,000
000000000040000426;000026003822;000000000040000052;AGUA DESMINERALIZADA;KG;4692,000;4692,000;0,000;0;281,52;281,52;0,06000;0,06000;0,00;0,00;0,00;0,00;4800,000;4800,000
000000000040000096;000023000910;000000000040000052;AGUA DESMINERALIZADA;KG;745,180;747,400;2,220;0;44,71;44,84;0,06000;0,05999;0,00;0,00;0,13;0,13;2014,000;2014,000
000000000040000520;000024000187;000000000040000052;AGUA DESMINERALIZADA;KG;1820,190;1827,500;7,310;0;109,21;109,65;0,06000;0,06000;0,00;0,00;0,44;0,44;2490,000;2490,000
000000000040000143;000022001363;000000000040000052;AGUA DESMINERALIZADA;KG;323,790;327,060;3,270;1;19,43;19,62;0,06000;0,05999;0,00;0,00;0,20;0,20;891,000;891,000
000000000050000899;000020000413;000000000040000068;MEZCLA ACEITE AMY;KG;735,114;742,000;6,886;1;1248348,54;1260042,14;1698,17000;1698,17000;0,00;0,00;11693,60;11693,60;3934,000;3934,000
000000000050000971;000020000414;000000000040000082;MEZCLA DE ACEITE CHICCO;KG;738,492;743,000;4,508;1;1139072,22;1146025,49;1542,43000;1542,43000;0,00;0,00;6953,27;6953,27;3965,000;3965,000
000000000050001011;000023000901;000000000040000097;MEZCLA DE COLONIA CHICCO;KG;5436,285;5356,000;-80,285;-1;3934783,08;3876672,80;723,80000;723,80000;0,00;0,00;-58110,28;-58110,28;51009,000;51009,000
000000000050000970;000023000904;000000000040000097;MEZCLA DE COLONIA CHICCO;KG;12734,414;4743,000;-7991,414;-63;9217168,85;3432983,40;723,80000;723,80000;0,00;0,00;-5784185,45;-5784185,45;62110,000;23120,000
000000000050000443;000013000502;000000000040000118;MEZCLA DE SOLUCIÓN PARA HISOPOS;KG;10,592;12,000;1,408;13;4056,74;4596,00;383,00000;383,00000;0,00;0,00;539,26;539,26;8697,000;8697,000
000000000050001024;000013000505;000000000040000118;MEZCLA DE SOLUCIÓN PARA HISOPOS;KG;14,615;6,920;-7,695;-53;5597,55;2650,36;383,00000;383,00000;0,00;0,00;-2947,19;-2947,19;12000,000;5672,000
000000000050000443;000013000503;000000000040000118;MEZCLA DE SOLUCIÓN PARA HISOPOS;KG;19,902;20,700;0,798;4;7622,47;7928,10;383,00000;383,00000;0,00;0,00;305,63;305,63;16341,000;16341,000
000000000050001019;000022001362;000000000040000143;MEZCLA GEL ANTIBACTERIAL CHICCO;KG;884,354;891,000;6,646;1;597496,09;601986,33;675,63000;675,63000;0,00;0,00;4490,24;4490,24;8542,000;8542,000
000000000050001005;000026003816;000000000040000426;SOLUCION TOALLAS AMY MANZANILLA R2020;KG;4677,198;4800,000;122,802;3;464632,85;476832,00;99,34000;99,34000;0,00;0,00;12199,15;12199,15;18713,000;18713,000
000000000050000106;000025000761;000000000040000428;MEZCLA DE TALCO AMY R2020;KG;925,680;900,000;-25,680;-3;568182,38;552420,00;613,80000;613,80000;0,00;0,00;-15762,38;-15762,38;4560,000;4560,000
000000000050000963;000021000792;000000000040000512;MEZCLA CHICCO CHAMPU ORIGINAL  LP;KG;937,633;919,000;-18,633;-2;927075,25;908652,06;988,74000;988,74000;0,00;0,00;-18423,19;-18423,19;4480,000;4480,000
000000000050000964;000021000786;000000000040000513;MEZCLA CHICCO CHAMPU MANZANILLA LP;KG;927,339;928,000;0,661;0;883142,02;883771,52;952,34000;952,34000;0,00;0,00;629,50;629,50;4514,000;4514,000
000000000050001189;000024000186;000000000040000520;MEZCLA CHICCO JABÓN LÍQUIDO LP;KG;2495,421;2490,000;-5,421;0;2403664,37;2398442,70;963,23000;963,23000;0,00;0,00;-5221,67;-5221,67;10922,000;10922,000
000000000050001045;000025000760;000000000040000521;MEZCLA CHICCO TALCO CON ALMIDÓN LP;KG;514,301;505,000;-9,301;-2;353669,37;347273,35;687,67000;687,67000;0,00;0,00;-6396,02;-6396,02;5067,000;5067,000
000000000050000443;000013000503;000000000040000538;BASTONCITO PARA HISOPOS (NACIONAL PH)32;ST;995167,000;992874,000;-2293,000;0;388115,13;387220,86;0,39000;0,39000;0,00;0,00;-894,27;-894,27;16341,000;16341,000
000000000050001024;000013000505;000000000040000538;BASTONCITO PARA HISOPOS (NACIONAL PH)32;ST;730800,000;344937,000;-385863,000;-53;285012,00;134525,43;0,39000;0,39000;0,00;0,00;-150486,57;-150486,57;12000,000;5672,000
000000000050000443;000013000502;000000000040000538;BASTONCITO PARA HISOPOS (NACIONAL PH)32;ST;529648,000;544810,000;15162,000;3;206562,72;212475,90;0,39000;0,39000;0,00;0,00;5913,18;5913,18;8697,000;8697,000
000000000050000975;000026003804;000000000040000545;SOLUCION P/TOALLAS HÚMEDAS CHICCO LP;KG;15760,872;15280,000;-480,872;-3;1632511,12;1582702,40;103,58000;103,58000;0,00;0,00;-49808,72;-49808,72;78424,000;78424,000
000000000050001079;000026003825;000000000040000546;SOLUCION AMY SEC TOALLAS HUMEDAS 99%AGUA;KG;8696,520;3847,584;-4848,936;-56;529965,93;234471,77;60,94000;60,94000;0,00;0,00;-295494,16;-295494,16;72000,000;31845,000
000000000052000047;000081000040;000000000040000549;SOLUCION INTYLACT TH INTIMA MANZANILLA;KG;1446,478;1330,000;-116,478;-8;78673,94;72338,70;54,39000;54,39000;0,00;0,00;-6335,24;-6335,24;20935,000;20935,000
000000000052000048;000081000046;000000000040000551;SOLUCION INTYLACT TH INTIMA ARANDANO;KG;2959,493;2660,000;-299,493;-10;208614,66;187503,40;70,49000;70,49000;0,00;0,00;-21111,26;-21111,26;42833,000;42833,000
000000000052000070;000081000043;000000000040000583;MEZCLA BOROCANFOR POLVO;KG;1022,024;1020,000;-2,024;0;0,00;0,00;0,00000;0,00000;0,00;0,00;0,00;0,00;8391,000;8391,000
000000000052000069;000081000041;000000000040000583;MEZCLA BOROCANFOR POLVO;KG;895,900;900,000;4,100;0;0,00;0,00;0,00000;0,00000;0,00;0,00;0,00;0,00;14711,000;14711,000
000000000050001005;000026003817;000000000050001005;AMY SEC TH MANZANILLA P/BEBES (24x72UN);PAQ;18696,000;18696,000;0,000;0;4867503,60;4867503,60;260,35000;260,35000;0,00;0,00;0,00;0,00;18696,000;18696,000
000000000052000047;000081000047;000000000052000047;INTYLACT TH INTIMA MANZANILLA (32x20UN);PAQ;1312,000;1312,000;0,000;0;165902,40;165902,40;126,45000;126,45000;0,00;0,00;0,00;0,00;1312,000;1312,000
