Codigo_Mat;Denominacion Material;Centro;Almacen;C-B;LibreUt;Valor_Lut;Calidad;Valor_Cal;Bloqueado;Valor_Blo;Hora;TpMt;TextAlm;TextCent
11001679;ACEITE SERIGRAFICO AMPOLLAS;1200;2000;KG;375,00;0,00;0,000;0,00;0,000;0,00;20.02.2026 - 22:03:35;ZMAP;2000-Producción;1200-Ampofrasca
11001681;BASE CAJA PLAST 440 X 210 X 110 MM A2;1200;1000;PZA;1000,00;0,00;0,000;0,00;0,000;0,00;20.02.2026 - 22:03:35;ZEMP;1000-Materia Prima;1200-Ampofrasca
11001684;BOLSAS PLASTICAS 50+12+12X100;1200;1000;PZA;3275,00;383847,56;0,000;0,00;0,000;0,00;20.02.2026 - 22:03:35;ZEMP;1000-Materia Prima;1200-Ampofrasca
11001684;BOLSAS PLASTICAS 50+12+12X100;1200;2000;PZA;733,00;85911,53;0,000;0,00;0,000;0,00;20.02.2026 - 22:03:35;ZEMP;2000-Producción;1200-Ampofrasca
11001686;BOLSAS PLASTICAS 50+10+10X90;1200;1000;PZA;4275,00;203404,50;0,000;0,00;0,000;0,00;20.02.2026 - 22:03:35;ZEMP;1000-Materia Prima;1200-Ampofrasca
11001686;BOLSAS PLASTICAS 50+10+10X90;1200;2000;PZA;612,00;29118,96;0,000;0,00;0,000;0,00;20.02.2026 - 22:03:35;ZEMP;2000-Producción;1200-Ampofrasca
11001690;BOLSAS PLASTICAS 58X60;1200;1000;PZA;4600,00;104850,11;0,000;0,00;0,000;0,00;20.02.2026 - 22:03:35;ZEMP;1000-Materia Prima;1200-Ampofrasca
11001690;BOLSAS PLASTICAS 58X60;1200;2000;PZA;502,00;11442,34;0,000;0,00;0,000;0,00;20.02.2026 - 22:03:35;ZEMP;2000-Producción;1200-Ampofrasca
11001691;CAJA CARTON CORRUGADO AMPOLLA B-4.9;1200;1000;PZA;19500,00;0,00;0,000;0,00;0,000;0,00;20.02.2026 - 22:03:35;ZEMP;1000-Materia Prima;1200-Ampofrasca
11001692;CAJA CARTON FRASCOS 360 X 300;1200;1000;PZA;2735,00;0,00;0,000;0,00;0,000;0,00;20.02.2026 - 22:03:35;ZEMP;1000-Materia Prima;1200-Ampofrasca
11001695;Colgante Biberon 150ml/5 Oz 759370400141;1200;1000;PZA;300,00;0,00;0,000;0,00;0,000;0,00;20.02.2026 - 22:03:35;ZEMP;1000-Materia Prima;1200-Ampofrasca
11001699;COLORANTE LIQUIDO BLANCO 481-20058-3;1200;1000;KG;325,00;338144,21;0,000;0,00;0,000;0,00;20.02.2026 - 22:03:35;ZMAP;1000-Materia Prima;1200-Ampofrasca
11001699;COLORANTE LIQUIDO BLANCO 481-20058-3;1200;2000;KG;79,00;82195,05;0,000;0,00;0,000;0,00;20.02.2026 - 22:03:35;ZMAP;2000-Producción;1200-Ampofrasca
11001701;ETIQ.AUTOAHESIVA.BLANCA 10,7X 4,2CM;1200;1000;PZA;18500,00;114893,40;0,000;0,00;0,000;0,00;20.02.2026 - 22:03:35;ZEMP;1000-Materia Prima;1200-Ampofrasca
11001701;ETIQ.AUTOAHESIVA.BLANCA 10,7X 4,2CM;1200;2000;PZA;4956,00;30779,01;0,000;0,00;0,000;0,00;20.02.2026 - 22:03:35;ZEMP;2000-Producción;1200-Ampofrasca
11001703;FLEJES PAT-T-1290-D BLANCO;1200;1000;M;1320,00;19830,38;0,000;0,00;0,000;0,00;20.02.2026 - 22:03:35;ZEMP;1000-Materia Prima;1200-Ampofrasca
11001703;FLEJES PAT-T-1290-D BLANCO;1200;2000;M;3492,04;52460,97;0,000;0,00;0,000;0,00;20.02.2026 - 22:03:35;ZEMP;2000-Producción;1200-Ampofrasca
11001704;GRAPAS GR-12-A-1000;1200;1000;PZA;1000,00;3863,75;0,000;0,00;0,000;0,00;20.02.2026 - 22:03:35;ZEMP;1000-Materia Prima;1200-Ampofrasca
11001704;GRAPAS GR-12-A-1000;1200;2000;PZA;1082,00;4180,57;0,000;0,00;0,000;0,00;20.02.2026 - 22:03:35;ZEMP;2000-Producción;1200-Ampofrasca
11001707;MASTERBATCH AMARILLO PL13610080;1200;1000;KG;122,56;0,00;0,000;0,00;0,000;0,00;20.02.2026 - 22:03:35;ZMAP;1000-Materia Prima;1200-Ampofrasca
11001708;MASTERBATCH AZUL PP53610087;1200;1000;KG;90,00;0,00;0,000;0,00;0,000;0,00;20.02.2026 - 22:03:35;ZMAP;1000-Materia Prima;1200-Ampofrasca
11001709;MASTERBATCH AZUL 603228-14;1200;1000;KG;100,00;0,00;0,000;0,00;0,000;0,00;20.02.2026 - 22:03:35;ZMAP;1000-Materia Prima;1200-Ampofrasca
11001710;MASTERBATCH AZUL OSCURO 072C;1200;1000;KG;18,00;0,00;0,000;0,00;0,000;0,00;20.02.2026 - 22:03:35;ZMAP;1000-Materia Prima;1200-Ampofrasca
11001711;MASTERBATCH AZUL PL53610142;1200;1000;KG;66,86;0,00;0,000;0,00;0,000;0,00;20.02.2026 - 22:03:35;ZMAP;1000-Materia Prima;1200-Ampofrasca
11001712;MASTERBATCH BLANCO PEORAL 12020;1200;1000;KG;1186,00;0,00;0,000;0,00;0,000;0,00;20.02.2026 - 22:03:35;ZMAP;1000-Materia Prima;1200-Ampofrasca
11001712;MASTERBATCH BLANCO PEORAL 12020;1200;2000;KG;28,33;0,00;0,000;0,00;0,000;0,00;20.02.2026 - 22:03:35;ZMAP;2000-Producción;1200-Ampofrasca
11001713;MASTERBATCH MORADO PL43610078;1200;1000;KG;84,48;0,00;0,000;0,00;0,000;0,00;20.02.2026 - 22:03:35;ZMAP;1000-Materia Prima;1200-Ampofrasca
11001714;MASTERBATCH NARANJA PP23610071;1200;1000;KG;83,45;0,00;0,000;0,00;0,000;0,00;20.02.2026 - 22:03:35;ZMAP;1000-Materia Prima;1200-Ampofrasca
11001716;MASTERBATCH REMAFIN-ROJO PL33610133;1200;1000;KG;154,00;0,00;0,000;0,00;0,000;0,00;20.02.2026 - 22:03:35;ZMAP;1000-Materia Prima;1200-Ampofrasca
11001717;MASTERBATCH RENOL AZUL PE53610001;1200;1000;KG;61,60;0,00;0,000;0,00;0,000;0,00;20.02.2026 - 22:03:35;ZMAP;1000-Materia Prima;1200-Ampofrasca
11001719;MASTERBATCH ROJO PL33610127-ZN;1200;1000;KG;101,23;0,00;0,000;0,00;0,000;0,00;20.02.2026 - 22:03:35;ZMAP;1000-Materia Prima;1200-Ampofrasca
11001720;MASTERBATCH VERDE DERPLAST;1200;1000;KG;352,00;0,00;0,000;0,00;0,000;0,00;20.02.2026 - 22:03:35;ZMAP;1000-Materia Prima;1200-Ampofrasca
11001722;MASTERBATCH VERDE PL63610117;1200;1000;KG;90,52;0,00;0,000;0,00;0,000;0,00;20.02.2026 - 22:03:35;ZMAP;1000-Materia Prima;1200-Ampofrasca
11001723;MASTERBATCH VIOLETA PP44610071;1200;1000;KG;485,55;0,00;0,000;0,00;0,000;0,00;20.02.2026 - 22:03:35;ZMAP;1000-Materia Prima;1200-Ampofrasca
11001724;PELICULA POLIESTRECH MANUAL 4KG;1200;1000;KG;416,00;659953,41;0,000;0,00;0,000;0,00;20.02.2026 - 22:03:35;ZEMP;1000-Materia Prima;1200-Ampofrasca
11001724;PELICULA POLIESTRECH MANUAL 4KG;1200;2000;KG;52,22;82847,95;0,000;0,00;0,000;0,00;20.02.2026 - 22:03:35;ZEMP;2000-Producción;1200-Ampofrasca
11001730;PINTURA AMPOLLAS/FRASCOS NEGRA V-2806;1200;1000;KG;299,50;0,00;0,000;0,00;0,000;0,00;20.02.2026 - 22:03:35;ZMAP;1000-Materia Prima;1200-Ampofrasca
11001733;PINTURA AMARILLO V-2801 (YELLOW);1200;1000;KG;48,00;0,00;0,000;0,00;0,000;0,00;20.02.2026 - 22:03:35;ZMAP;1000-Materia Prima;1200-Ampofrasca
11001734;PINTURA AMPOLLAS AMARILLA V-2802;1200;1000;KG;81,06;0,00;0,000;0,00;0,000;0,00;20.02.2026 - 22:03:35;ZMAP;1000-Materia Prima;1200-Ampofrasca
11001736;PINTURA AMPOLLAS BLANCA V-2800;1200;1000;KG;249,71;0,00;0,000;0,00;0,000;0,00;20.02.2026 - 22:03:35;ZMAP;1000-Materia Prima;1200-Ampofrasca
11001737;PINTURA AMPOLLAS NARANJA V-28211;1200;1000;KG;58,61;0,00;0,000;0,00;0,000;0,00;20.02.2026 - 22:03:35;ZMAP;1000-Materia Prima;1200-Ampofrasca
11001738;PINTURA AMPOLLAS ROJA  V-2803;1200;1000;KG;38,01;0,00;0,000;0,00;0,000;0,00;20.02.2026 - 22:03:35;ZMAP;1000-Materia Prima;1200-Ampofrasca
11001739;PINTURA AMPOLLAS VERDE  V-2804;1200;1000;KG;75,52;0,00;0,000;0,00;0,000;0,00;20.02.2026 - 22:03:35;ZMAP;1000-Materia Prima;1200-Ampofrasca
11001740;PINTURA ROJO RUBI V-28213 (RUBY RED);1200;1000;KG;27,00;0,00;0,000;0,00;0,000;0,00;20.02.2026 - 22:03:35;ZMAP;1000-Materia Prima;1200-Ampofrasca
11001741;PLASTICO TERMOENCONGIBLE FRASCOS;1200;1000;KG;176,73;0,00;0,000;0,00;0,000;0,00;20.02.2026 - 22:03:35;ZEMP;1000-Materia Prima;1200-Ampofrasca
11001742;POLICARBONATO INYE SOPLO 124 R-111 LEXAN;1200;1000;KG;700,00;0,00;0,000;0,00;0,000;0,00;20.02.2026 - 22:03:35;ZMAP;1000-Materia Prima;1200-Ampofrasca
11001743;POLICARBONATO INYECCION SOPLADO (BIBERON;1200;1000;KG;3025,00;0,00;0,000;0,00;0,000;0,00;20.02.2026 - 22:03:35;ZMAP;1000-Materia Prima;1200-Ampofrasca
11001750;POLIETILENO BAJA DENSIDAD INYECC 2111;1200;1000;KG;17416,70;0,00;0,000;0,00;0,000;0,00;20.02.2026 - 22:03:35;ZMAP;1000-Materia Prima;1200-Ampofrasca
11001751;POLIPROPILENO J-440 IMPORT (05C06) 123 M;1200;2000;KG;74,46;5974,31;0,000;0,00;0,000;0,00;20.02.2026 - 22:03:35;ZMAP;2000-Producción;1200-Ampofrasca
11001756;POLIPROPILENO J-440 NACIONAL (05C06);1200;1000;KG;1200,00;406493,76;0,000;0,00;0,000;0,00;20.02.2026 - 22:03:35;ZMAP;1000-Materia Prima;1200-Ampofrasca
11001758;(J-700) HOMOPOLIMERO 11H01A IMP ESENTTIA;1200;1000;KG;1448,50;123301,88;0,000;0,00;0,000;0,00;20.02.2026 - 22:03:35;ZMAP;1000-Materia Prima;1200-Ampofrasca
11001758;(J-700) HOMOPOLIMERO 11H01A IMP ESENTTIA;1200;1007;KG;50,00;4256,19;0,000;0,00;0,000;0,00;20.02.2026 - 22:03:35;ZMAP;1007-Rechazado;1200-Ampofrasca
11001758;(J-700) HOMOPOLIMERO 11H01A IMP ESENTTIA;1200;2000;KG;191,18;16273,98;0,000;0,00;0,000;0,00;20.02.2026 - 22:03:35;ZMAP;2000-Producción;1200-Ampofrasca
11001761;POLIPROPILENO J-750 (INYECCION LIVIANA);1200;1000;KG;25,00;0,00;0,000;0,00;0,000;0,00;20.02.2026 - 22:03:35;ZMAP;1000-Materia Prima;1200-Ampofrasca
11001762;POLIPROPILENO J-758 CLARIFICADO (10R10C);1200;1000;KG;0,00;0,00;500,000;550259,41;0,000;0,00;20.02.2026 - 22:03:35;ZMAP;1000-Materia Prima;1200-Ampofrasca
11001762;POLIPROPILENO J-758 CLARIFICADO (10R10C);1200;1007;KG;306,71;337540,13;0,000;0,00;0,000;0,00;20.02.2026 - 22:03:35;ZMAP;1007-Rechazado;1200-Ampofrasca
11001762;POLIPROPILENO J-758 CLARIFICADO (10R10C);1200;2000;KG;6,38;7021,31;0,000;0,00;0,000;0,00;20.02.2026 - 22:03:35;ZMAP;2000-Producción;1200-Ampofrasca
11001768;REMAFIN-ROJO PE 33610063-ZN (309);1200;1000;KG;123,00;0,00;0,000;0,00;0,000;0,00;20.02.2026 - 22:03:35;ZMAP;1000-Materia Prima;1200-Ampofrasca
11001771;RESINA PET T-94;1200;1000;KG;2674,00;737,61;0,000;0,00;0,000;0,00;20.02.2026 - 22:03:35;ZMAP;1000-Materia Prima;1200-Ampofrasca
11001773;SILASTIC (R) 9481-50US PART A & B;1200;2000;KG;449,00;1040,52;0,000;0,00;0,000;0,00;20.02.2026 - 22:03:35;ZMAP;2000-Producción;1200-Ampofrasca
11001831;VIDRIOS AMBAR 10,25 P:0,50;1200;1000;KG;2225,60;0,00;0,000;0,00;0,000;0,00;20.02.2026 - 22:03:35;ZMAP;1000-Materia Prima;1200-Ampofrasca
11001832;VIDRIOS AMBAR 10,75 P:0,50;1200;1000;KG;4628,60;0,00;0,000;0,00;0,000;0,00;20.02.2026 - 22:03:35;ZMAP;1000-Materia Prima;1200-Ampofrasca
11001833;VIDRIOS AMBAR 11,25 P:0,50;1200;1000;KG;4744,62;0,00;0,000;0,00;0,000;0,00;20.02.2026 - 22:03:35;ZMAP;1000-Materia Prima;1200-Ampofrasca
11001834;VIDRIOS AMBAR 12,75 P:0,50;1200;1000;KG;2745,00;0,00;0,000;0,00;0,000;0,00;20.02.2026 - 22:03:35;ZMAP;1000-Materia Prima;1200-Ampofrasca
11001835;VIDRIOS AMBAR 13,25 P:0,50;1200;1000;KG;7744,62;0,00;0,000;0,00;0,000;0,00;20.02.2026 - 22:03:35;ZMAP;1000-Materia Prima;1200-Ampofrasca
11001836;VIDRIOS AMBAR 15,25 P:0,65;1200;1000;KG;3270,24;0,00;0,000;0,00;0,000;0,00;20.02.2026 - 22:03:35;ZMAP;1000-Materia Prima;1200-Ampofrasca
11001837;VIDRIOS AMBAR 17,25 P:0,65;1200;1000;KG;2128,00;0,00;0,000;0,00;0,000;0,00;20.02.2026 - 22:03:35;ZMAP;1000-Materia Prima;1200-Ampofrasca
11001839;VIDRIOS FRASCO AMBAR 19,50 P:1,15;1200;1000;KG;103,20;0,00;0,000;0,00;0,000;0,00;20.02.2026 - 22:03:35;ZMAP;1000-Materia Prima;1200-Ampofrasca
11001840;VIDRIOS FRASCO AMBAR 22,50 P:1,15;1200;1000;KG;7408,80;0,00;0,000;0,00;0,000;0,00;20.02.2026 - 22:03:35;ZMAP;1000-Materia Prima;1200-Ampofrasca
11001841;VIDRIOS FRASCO AMBAR 24,50 P:1,20;1200;1000;KG;3256,20;0,00;0,000;0,00;0,000;0,00;20.02.2026 - 22:03:35;ZMAP;1000-Materia Prima;1200-Ampofrasca
11001843;VIDRIOS FRASCO TRANSPARENTE 19,50 P:1,15;1200;1000;KG;3344,00;0,00;0,000;0,00;0,000;0,00;20.02.2026 - 22:03:35;ZMAP;1000-Materia Prima;1200-Ampofrasca
11001844;VIDRIOS FRASCO TRANSPARENTE 22,50 P:1,15;1200;1000;KG;5379,50;0,00;0,000;0,00;0,000;0,00;20.02.2026 - 22:03:35;ZMAP;1000-Materia Prima;1200-Ampofrasca
11001845;VIDRIOS FRASCO TRANSPARENTE 24,50 P:1,20;1200;1000;KG;26461,60;0,00;0,000;0,00;0,000;0,00;20.02.2026 - 22:03:35;ZMAP;1000-Materia Prima;1200-Ampofrasca
11001846;VIDRIOS TRANSPARENTE 10,25 P:0,50;1200;1000;KG;2572,80;0,00;0,000;0,00;0,000;0,00;20.02.2026 - 22:03:35;ZMAP;1000-Materia Prima;1200-Ampofrasca
11001847;VIDRIOS TRANSPARENTE 10,75 P:0,50;1200;1000;KG;3610,00;0,00;0,000;0,00;0,000;0,00;20.02.2026 - 22:03:35;ZMAP;1000-Materia Prima;1200-Ampofrasca
11001848;VIDRIOS TRANSPARENTE 11,25 P:0,50;1200;1000;KG;4694,00;0,00;0,000;0,00;0,000;0,00;20.02.2026 - 22:03:35;ZMAP;1000-Materia Prima;1200-Ampofrasca
11001849;VIDRIOS TRANSPARENTE 12,75 P:0,50;1200;1000;KG;12465,20;0,00;0,000;0,00;0,000;0,00;20.02.2026 - 22:03:35;ZMAP;1000-Materia Prima;1200-Ampofrasca
11001850;VIDRIOS TRANSPARENTE 13,25 P:0,50;1200;1000;KG;4924,80;0,00;0,000;0,00;0,000;0,00;20.02.2026 - 22:03:35;ZMAP;1000-Materia Prima;1200-Ampofrasca
11001851;VIDRIOS TRANSPARENTE 14,75 P:0,55;1200;1000;KG;4468,00;0,00;0,000;0,00;0,000;0,00;20.02.2026 - 22:03:35;ZMAP;1000-Materia Prima;1200-Ampofrasca
11001852;VIDRIOS TRANSPARENTE 15,25 P:0,65;1200;1000;KG;11781,29;0,00;0,000;0,00;0,000;0,00;20.02.2026 - 22:03:35;ZMAP;1000-Materia Prima;1200-Ampofrasca
11001853;VIDRIOS TRANSPARENTE 17,25 P:0,65;1200;1000;KG;46824,00;0,00;0,000;0,00;0,000;0,00;20.02.2026 - 22:03:35;ZMAP;1000-Materia Prima;1200-Ampofrasca
11001855;XIAMETER (R) RBL-9481-50 LSR  A & B;1200;1007;KG;1224,60;0,00;0,000;0,00;0,000;0,00;20.02.2026 - 22:03:35;ZMAP;1007-Rechazado;1200-Ampofrasca
11001860;BOLSAS DE POLIETILENO  112*86  50 MICRAS;1200;1000;PZA;4856,00;414809,35;0,000;0,00;0,000;0,00;20.02.2026 - 22:03:35;ZEMP;1000-Materia Prima;1200-Ampofrasca
11001895;MASTERBATCH AZULMALTINPOLAR PL53610146ZN;1200;1000;KG;32,46;32,46;0,000;0,00;0,000;0,00;20.02.2026 - 22:03:35;ZMAP;1000-Materia Prima;1200-Ampofrasca
11001921;PELICULA POLIETILENO 17 MIC SOPLADO;1200;1000;KG;752,00;877017,29;0,000;0,00;0,000;0,00;20.02.2026 - 22:03:35;ZEMP;1000-Materia Prima;1200-Ampofrasca
11001921;PELICULA POLIETILENO 17 MIC SOPLADO;1200;2000;KG;0,53;618,11;0,000;0,00;0,000;0,00;20.02.2026 - 22:03:35;ZEMP;2000-Producción;1200-Ampofrasca
11001925;PALETA DE SOPLADO 1,41x 1,11m;1200;2003;PZA;285,00;0,00;0,000;0,00;0,000;0,00;20.02.2026 - 22:03:35;ZEMP;2003-Semiterminados;1200-Ampofrasca
11001926;MARCOS 1,41x1,11m;1200;2003;PZA;72,00;75,60;0,000;0,00;0,000;0,00;20.02.2026 - 22:03:35;ZEMP;2003-Semiterminados;1200-Ampofrasca
11001927;RESINA PET (POLIETILENO TEREFTALATO)1101;1200;2000;KG;340,00;102994,57;0,000;0,00;0,000;0,00;20.02.2026 - 22:03:35;ZMAP;2000-Producción;1200-Ampofrasca
11001963;POLIPROPILENO PROPILVEN B-328(NACIONAL);1200;1000;KG;450,00;0,00;0,000;0,00;0,000;0,00;20.02.2026 - 22:03:35;ZMAP;1000-Materia Prima;1200-Ampofrasca
11002018;POLIETILENO ALTA DENSI. INYECC 2811IMP.;1200;1000;KG;4991,82;0,00;0,000;0,00;0,000;0,00;20.02.2026 - 22:03:35;ZMAP;1000-Materia Prima;1200-Ampofrasca
11002164;MASTERBATCH ROJO  FB01019;1200;1000;KG;100,00;797,92;0,000;0,00;0,000;0,00;20.02.2026 - 22:03:35;ZMAP;1000-Materia Prima;1200-Ampofrasca
11002164;MASTERBATCH ROJO  FB01019;1200;2000;KG;11,53;92,00;0,000;0,00;0,000;0,00;20.02.2026 - 22:03:35;ZMAP;2000-Producción;1200-Ampofrasca
11002171;POLIETILENO ALTA DENSIDAD 2710;1200;1000;KG;1123,00;0,00;0,000;0,00;0,000;0,00;20.02.2026 - 22:03:35;ZMAP;1000-Materia Prima;1200-Ampofrasca
11002471;(J-440) COPOLIMERO 05C06 IMP ESENTTIA;1200;1000;KG;950,00;80749,31;0,000;0,00;0,000;0,00;20.02.2026 - 22:03:35;ZMAP;1000-Materia Prima;1200-Ampofrasca
11002471;(J-440) COPOLIMERO 05C06 IMP ESENTTIA;1200;1007;KG;25,00;2124,98;0,000;0,00;0,000;0,00;20.02.2026 - 22:03:35;ZMAP;1007-Rechazado;1200-Ampofrasca
11002471;(J-440) COPOLIMERO 05C06 IMP ESENTTIA;1200;2000;KG;36,60;3110,97;0,000;0,00;0,000;0,00;20.02.2026 - 22:03:35;ZMAP;2000-Producción;1200-Ampofrasca
11002691;CINTA MORROPACK 2” X 110  MTS;1200;1000;PZA;251,00;166375,35;0,000;0,00;0,000;0,00;20.02.2026 - 22:03:35;ZEMP;1000-Materia Prima;1200-Ampofrasca
11002691;CINTA MORROPACK 2” X 110  MTS;1200;2000;PZA;37,00;24525,45;0,000;0,00;0,000;0,00;20.02.2026 - 22:03:35;ZEMP;2000-Producción;1200-Ampofrasca
11002706;BOLSAS PLASTICAS 49+5.5+5.5X74;1200;1000;PZA;2280,00;145283,73;0,000;0,00;0,000;0,00;20.02.2026 - 22:03:35;ZEMP;1000-Materia Prima;1200-Ampofrasca
11002706;BOLSAS PLASTICAS 49+5.5+5.5X74;1200;2000;PZA;659,00;41992,09;0,000;0,00;0,000;0,00;20.02.2026 - 22:03:35;ZEMP;2000-Producción;1200-Ampofrasca
11002725;PREFORMA 43,90 GRS AMPOFRASCA;1200;1000;PZA;5831,00;9038,05;0,000;0,00;0,000;0,00;20.02.2026 - 22:03:35;ZMAP;1000-Materia Prima;1200-Ampofrasca
11002744;PREFORMA 17,82 GRS AMPOFRASCA;1200;1000;PZA;119952,00;1189628,95;0,000;0,00;0,000;0,00;20.02.2026 - 22:03:35;ZMAP;1000-Materia Prima;1200-Ampofrasca
11002744;PREFORMA 17,82 GRS AMPOFRASCA;1200;2000;PZA;27597,00;273694,39;0,000;0,00;0,000;0,00;20.02.2026 - 22:03:35;ZMAP;2000-Producción;1200-Ampofrasca
11002745;PREFORMA 23,00 GRS AMPOFRASCA;1200;1000;PZA;39651,00;425058,72;0,000;0,00;0,000;0,00;20.02.2026 - 22:03:35;ZMAP;1000-Materia Prima;1200-Ampofrasca
11002745;PREFORMA 23,00 GRS AMPOFRASCA;1200;2000;PZA;34722,00;372219,84;0,000;0,00;0,000;0,00;20.02.2026 - 22:03:35;ZMAP;2000-Producción;1200-Ampofrasca
11002746;PREFORMA 25,00 GRS AMPOFRASCA;1200;1000;PZA;32160,00;48045,65;0,000;0,00;0,000;0,00;20.02.2026 - 22:03:35;ZMAP;1000-Materia Prima;1200-Ampofrasca
11002746;PREFORMA 25,00 GRS AMPOFRASCA;1200;2000;PZA;8049,00;12024,86;0,000;0,00;0,000;0,00;20.02.2026 - 22:03:35;ZMAP;2000-Producción;1200-Ampofrasca
11002747;PREFORMA 39,31 GRS AMPOFRASCA;1200;1000;PZA;17136,00;12700,33;0,000;0,00;0,000;0,00;20.02.2026 - 22:03:35;ZMAP;1000-Materia Prima;1200-Ampofrasca
11002748;PREFORMA 34,00 GRS AMPOFRASCA;1200;1000;PZA;18646,00;112145,46;0,000;0,00;0,000;0,00;20.02.2026 - 22:03:35;ZMAP;1000-Materia Prima;1200-Ampofrasca
11002751;PREFORMA 56,00 GRS AMPOFRASCA;1200;2000;PZA;2948,00;41232,51;0,000;0,00;0,000;0,00;20.02.2026 - 22:03:35;ZMAP;2000-Producción;1200-Ampofrasca
11002753;PREFORMA 27,90 GRS AMPOFRASCA;1200;2000;PZA;9301,00;120913,00;0,000;0,00;0,000;0,00;20.02.2026 - 22:03:35;ZMAP;2000-Producción;1200-Ampofrasca
11002814;MASTERBATCH MARRON PERLADO SM1452;1200;1000;KG;34,64;19937,32;0,000;0,00;0,000;0,00;20.02.2026 - 22:03:35;ZMAP;1000-Materia Prima;1200-Ampofrasca
11002841;MASTERBATCH NEGRO DM-PB-0014 DERPLAST;1200;1000;KG;22,31;391,07;0,000;0,00;0,000;0,00;20.02.2026 - 22:03:35;ZMAP;1000-Materia Prima;1200-Ampofrasca
11002842;MASTERBATCH MORADO DMPB-5588;1200;1000;KG;70,05;36435,11;0,000;0,00;0,000;0,00;20.02.2026 - 22:03:35;ZMAP;1000-Materia Prima;1200-Ampofrasca
11002882;POLIPROPILENO J-500 (INYECCION LIVIANA);1200;1007;KG;25,00;0,00;0,000;0,00;0,000;0,00;20.02.2026 - 22:03:35;ZMAP;1007-Rechazado;1200-Ampofrasca
11002884;POLIPROPILENO 12R88A (PROPILCO) IMP;1200;1000;KG;2025,00;2065107,40;0,000;0,00;0,000;0,00;20.02.2026 - 22:03:35;ZMAP;1000-Materia Prima;1200-Ampofrasca
11002884;POLIPROPILENO 12R88A (PROPILCO) IMP;1200;2000;KG;13,07;13328,87;0,000;0,00;0,000;0,00;20.02.2026 - 22:03:35;ZMAP;2000-Producción;1200-Ampofrasca
11002885;BANDEJA DE CARTON 647x535x147;1200;1000;PZA;4434,00;44294,38;0,000;0,00;0,000;0,00;20.02.2026 - 22:03:35;ZEMP;1000-Materia Prima;1200-Ampofrasca
11002885;BANDEJA DE CARTON 647x535x147;1200;1007;PZA;500,00;4994,86;0,000;0,00;0,000;0,00;20.02.2026 - 22:03:35;ZEMP;1007-Rechazado;1200-Ampofrasca
11002885;BANDEJA DE CARTON 647x535x147;1200;2000;PZA;531,00;5304,54;0,000;0,00;0,000;0,00;20.02.2026 - 22:03:35;ZEMP;2000-Producción;1200-Ampofrasca
11002890;TAPA PCO 28MM 1810 BLANCA AMPOFRASCA;1200;1000;PZA;2176,00;1561,50;0,000;0,00;0,000;0,00;20.02.2026 - 22:03:35;ZEMP;1000-Materia Prima;1200-Ampofrasca
11002893;BANDAS DE GOMAS (LIGAS) 3"x 1/16"x 1/32";1200;1000;PZA;3150,00;2415,94;0,000;0,00;0,000;0,00;20.02.2026 - 22:03:35;ZMAP;1000-Materia Prima;1200-Ampofrasca
11002893;BANDAS DE GOMAS (LIGAS) 3"x 1/16"x 1/32";1200;2000;PZA;9391,00;7202,58;0,000;0,00;0,000;0,00;20.02.2026 - 22:03:35;ZMAP;2000-Producción;1200-Ampofrasca
11002895;RESINA PET RAMAPET INDORAMA R1;1200;1000;KG;138000,00;42391740,62;0,000;0,00;0,000;0,00;20.02.2026 - 22:03:35;ZMAP;1000-Materia Prima;1200-Ampofrasca
11002895;RESINA PET RAMAPET INDORAMA R1;1200;2000;KG;3919,43;1203995,17;0,000;0,00;0,000;0,00;20.02.2026 - 22:03:35;ZMAP;2000-Producción;1200-Ampofrasca
11002898;MASTERBATCH MORADO SM 2042 SC;1200;1000;KG;82,90;40288,89;0,000;0,00;0,000;0,00;20.02.2026 - 22:03:35;ZMAP;1000-Materia Prima;1200-Ampofrasca
11002931;MASTERBATCH VERDE FVE 1024 M&M;1200;1000;KG;40,80;2203,37;0,000;0,00;0,000;0,00;20.02.2026 - 22:03:35;ZMAP;1000-Materia Prima;1200-Ampofrasca
11002942;MASTERBATCH AMARILLO SM-1291 SC;1200;1000;KG;183,69;139106,50;0,000;0,00;0,000;0,00;20.02.2026 - 22:03:35;ZMAP;1000-Materia Prima;1200-Ampofrasca
11002951;COLORANTE LIQUID AMBAR CC10362488;1200;1000;KG;120,00;463765,09;0,000;0,00;0,000;0,00;20.02.2026 - 22:03:35;ZMAP;1000-Materia Prima;1200-Ampofrasca
11002951;COLORANTE LIQUID AMBAR CC10362488;1200;2000;KG;73,09;282487,04;0,000;0,00;0,000;0,00;20.02.2026 - 22:03:35;ZMAP;2000-Producción;1200-Ampofrasca
11002997;PALETA DE MADERA 141cm x 111cm x 14cm(M);1200;2003;PZA;128,00;70904,60;0,000;0,00;0,000;0,00;20.02.2026 - 22:03:35;ZEMP;2003-Semiterminados;1200-Ampofrasca
11002998;MARCO DE MADERA 141cm x 111cm x 9 cm(M);1200;2003;PZA;162,00;21979,59;0,000;0,00;0,000;0,00;20.02.2026 - 22:03:35;ZEMP;2003-Semiterminados;1200-Ampofrasca
11002999;SEPARADOR Carton 141cm x 111cm x2,2mm(M);1200;2000;PZA;524,00;282000,14;0,000;0,00;0,000;0,00;20.02.2026 - 22:03:35;ZEMP;2000-Producción;1200-Ampofrasca
11003078;PREFORMA 23,00 GRS AMBAR AMPOFRASCA;1200;1000;PZA;10217,00;4597,65;0,000;0,00;0,000;0,00;20.02.2026 - 22:03:35;ZMAP;1000-Materia Prima;1200-Ampofrasca
11003185;MASTERBATCH AZUL MyM FAZ1084;1200;1000;KG;29,99;9307,08;0,000;0,00;0,000;0,00;20.02.2026 - 22:03:35;ZMAP;1000-Materia Prima;1200-Ampofrasca
11003342;RESINA PET JADE CZ-302 (POLITEREFTALATO;1200;2000;KG;285,34;84648,66;0,000;0,00;0,000;0,00;20.02.2026 - 22:03:35;ZMAP;2000-Producción;1200-Ampofrasca
11003375;MASTERBATCH ROJO PP33606804;1200;1000;KG;116,78;240178,48;0,000;0,00;0,000;0,00;20.02.2026 - 22:03:35;ZMAP;1000-Materia Prima;1200-Ampofrasca
11003464;CINTA DE IMPRE.450MT LAR X 10CM ANC ZEBR;1200;1000;PZA;24,00;79872,28;0,000;0,00;0,000;0,00;20.02.2026 - 22:03:35;ZMAP;1000-Materia Prima;1200-Ampofrasca
11003464;CINTA DE IMPRE.450MT LAR X 10CM ANC ZEBR;1200;2000;PZA;1,00;3328,01;0,000;0,00;0,000;0,00;20.02.2026 - 22:03:35;ZMAP;2000-Producción;1200-Ampofrasca
11003484;SEPARADOR GRIS PLEGABLE Cal 0.40(142X112;1200;1000;PZA;8000,00;4710829,95;0,000;0,00;0,000;0,00;20.02.2026 - 22:03:35;ZEMP;1000-Materia Prima;1200-Ampofrasca
11003484;SEPARADOR GRIS PLEGABLE Cal 0.40(142X112;1200;2000;PZA;2480,00;1460357,28;0,000;0,00;0,000;0,00;20.02.2026 - 22:03:35;ZEMP;2000-Producción;1200-Ampofrasca
11003507;RESINA RAMAPET S1;1200;1000;KG;4600,00;764979,99;0,000;0,00;0,000;0,00;20.02.2026 - 22:03:35;ZMAP;1000-Materia Prima;1200-Ampofrasca
11003507;RESINA RAMAPET S1;1200;2000;KG;1515,65;252052,93;0,000;0,00;0,000;0,00;20.02.2026 - 22:03:35;ZMAP;2000-Producción;1200-Ampofrasca
11003508;BOLSAS PLÁSTICAS 50 x13+13x170cm;1200;1000;PZA;1475,00;433709,39;0,000;0,00;0,000;0,00;20.02.2026 - 22:03:35;ZMAP;1000-Materia Prima;1200-Ampofrasca
11003508;BOLSAS PLÁSTICAS 50 x13+13x170cm;1200;2000;PZA;768,00;225822,92;0,000;0,00;0,000;0,00;20.02.2026 - 22:03:35;ZMAP;2000-Producción;1200-Ampofrasca
40000022;SOBRETAPA PUSH & PULL AMARILLO;1200;2003;PZA;172000,00;79980,00;0,000;0,00;0,000;0,00;20.02.2026 - 22:03:35;ZSTE;2003-Semiterminados;1200-Ampofrasca
40000023;SOBRETAPA PUSH & PULL AZUL;1200;2003;PZA;65000,00;30225,00;0,000;0,00;0,000;0,00;20.02.2026 - 22:03:35;ZSTE;2003-Semiterminados;1200-Ampofrasca
40000025;SOBRETAPA PUSH & PULL VIOLETA;1200;2003;PZA;221133,00;102826,85;0,000;0,00;0,000;0,00;20.02.2026 - 22:03:35;ZSTE;2003-Semiterminados;1200-Ampofrasca
40000049;TARRO PARA ENVASE GEL PACK TRANSPARENTE;1200;2003;PZA;14400,00;108532,80;0,000;0,00;0,000;0,00;20.02.2026 - 22:03:35;ZSTE;2003-Semiterminados;1200-Ampofrasca
40000332;SOBRETAPA PUSH & PULL TRANSPARENTE;1200;2003;PZA;415000,00;231155,00;0,000;0,00;0,000;0,00;20.02.2026 - 22:03:35;ZSTE;2003-Semiterminados;1200-Ampofrasca
40000487;SOBRETAPA PUSH & PULL MARRON;1200;2003;PZA;14000,00;29386,00;0,000;0,00;0,000;0,00;20.02.2026 - 22:03:35;ZSTE;2003-Semiterminados;1200-Ampofrasca
40000488;TAPA ROSCA PARA PUSH & PULL MARRON;1200;2003;PZA;2000,00;14990,00;0,000;0,00;0,000;0,00;20.02.2026 - 22:03:35;ZSTE;2003-Semiterminados;1200-Ampofrasca
40000507;TAPA ROSCA PARA PUSH & PULL AMARILLA (F);1200;2003;PZA;60000,00;119340,00;0,000;0,00;0,000;0,00;20.02.2026 - 22:03:35;ZSTE;2003-Semiterminados;1200-Ampofrasca
