Codigo_Mat;Denominacion Material;Centro;Almacen;C-B;LibreUt;Calidad;Bloqueado;Hora;Categoría;Marca;Grupo;Sector
50000106;AMY TALCO PARA BEBES (24x200G) ACT 13-03;1000;3000;CS;0,00;0,000;1,193;13.03.2026 - 08:15:00;HIGIENE PERSONAL;Amy;PH-Talco;Cuidado Personal
50000106;AMY TALCO PARA BEBES (24x200G) ACT 13-03;1001;3000;CS;419,65;0,000;0,000;13.03.2026 - 08:15:00;HIGIENE PERSONAL;Amy;PH-Talco;Cuidado Personal
50000443;AMY HISOPOS (48x60UN);1001;3000;CS;626,00;139,000;0,000;20.02.2026 - 22:03:20;ALGODONES PT;Amy;PH-Hisopos;Cuidado Personal
50000495;AMY LOCION PARA BEBES (10x200ML);1001;3000;CS;448,00;0,000;0,000;20.02.2026 - 22:03:20;HIGIENE PERSONAL;Amy;PH-Loción;Cuidado Personal
50000517;AMY MOTAS DE ALGODON (12x50UN);1001;3000;CS;457,00;150,000;0,000;20.02.2026 - 22:03:20;ALGODONES PT;Amy;PH-Motas De Algodón;Cuidado Personal
50000532;AMY CHAMPU PARA BEBES (10x200ML);1001;3000;CS;350,00;0,000;0,000;20.02.2026 - 22:03:20;HIGIENE PERSONAL;Amy;PH-Champú;Cuidado Personal
50000569;ACTIVA SEC PERDIDAS ABUNDANTES (12X10UN);1001;3000;PAK;363,00;0,000;0,000;20.02.2026 - 22:03:20;INCONTINENCIA;Activa;PH-Toalla Incontinen;Absorbentes
50000626;SECUREZZA CLASSIC M REG (6x6UN);1001;3000;PAK;1750,00;0,000;0,000;20.02.2026 - 22:03:20;INCONTINENCIA;Securezza;PH-Protector Incont.;Absorbentes
50000627;SECUREZZA CLASSIC L REG (6x6UN);1001;3000;PAK;1867,00;0,000;0,000;20.02.2026 - 22:03:20;INCONTINENCIA;Securezza;PH-Protector Incont.;Absorbentes
50000632;SECUREZZA POST PARTO PREMIUM (12X10UN);1001;3000;PAK;5487,00;0,000;0,000;20.02.2026 - 22:03:20;INCONTINENCIA;Securezza;PH-Toalla Post-Parto;Absorbentes
50000639;SIEMPRE SECO BASICO M (6X6UN);1001;3000;PAK;3730,00;0,000;0,000;20.02.2026 - 22:03:20;INCONTINENCIA;Siempre Seco;PH-Protector Incont.;Absorbentes
50000640;SIEMPRE SECO BASICO G (6X6UN);1001;3000;PAK;2888,00;0,000;0,000;20.02.2026 - 22:03:20;INCONTINENCIA;Siempre Seco;PH-Protector Incont.;Absorbentes
50000877;PHARSANA GEL ANTIBACTERIAL 2,8 L;1001;3000;CS;156,00;0,000;0,000;20.02.2026 - 22:03:20;HIGIENE PERSONAL;Pharsana;PH-Gel Antibacterial;Cuidado Personal
50000884;ACTIVA PD PERD. OCASIONALES (12X40UN);1001;3000;PAK;282,00;0,000;0,000;20.02.2026 - 22:03:20;ABSORBENTES FEMENINA;Activa;PH-Protector Diario;Absorbentes
50000899;AMY ACEITE PARA BEBES (10x220ML);1001;3000;CS;583,00;0,000;0,000;20.02.2026 - 22:03:20;HIGIENE PERSONAL;Amy;PH-Aceite;Cuidado Personal
50000899;AMY ACEITE PARA BEBES (10x220ML);1000;3000;CS;0,00;0,000;1,000;20.02.2026 - 22:03:20;HIGIENE PERSONAL;Amy;PH-Aceite;Cuidado Personal
50000902;AMY COLONIA PARA BEBES (10x220ML);1001;3000;CS;439,00;0,000;0,000;20.02.2026 - 22:03:20;HIGIENE PERSONAL;Amy;PH-Colonia;Cuidado Personal
50000918;PHARSANA JABON ANTIBACTERIAL 20 LT;1001;3000;CS;0,00;0,000;0,000;20.02.2026 - 22:03:20;HIGIENE PERSONAL;Pharsana;PH-Jabón Líquido;Cuidado Personal
50000921;SECUREZZA COMFORT M REG (6x6UN);1001;3000;PAK;322,00;0,000;0,000;20.02.2026 - 22:03:20;INCONTINENCIA;Securezza;PH-Protector Incont.;Absorbentes
50000922;SECUREZZA COMFORT L REG (6x6UN);1001;3000;PAK;577,00;0,000;0,000;20.02.2026 - 22:03:20;INCONTINENCIA;Securezza;PH-Protector Incont.;Absorbentes
50000951;SECUREZZA BC LOCION HIDRATAN (12x350ML);1000;3000;CS;0,00;0,000;0,667;20.02.2026 - 22:03:20;HIGIENE PERSONAL;Securezza;PH-Loción;Cuidado Personal
50000951;SECUREZZA BC LOCION HIDRATAN (12x350ML);1001;3000;CS;273,00;0,000;0,000;20.02.2026 - 22:03:20;HIGIENE PERSONAL;Securezza;PH-Loción;Cuidado Personal
50000953;SECUREZZA BC JABON LIQ CORPO (12x200ML);1001;3000;CS;89,00;0,000;0,000;20.02.2026 - 22:03:20;HIGIENE PERSONAL;Securezza;PH-Jabón Líquido;Cuidado Personal
50000956;SECUREZZA BC TH CORPORALES (12x54UN);1001;3000;CS;565,00;0,000;0,000;20.02.2026 - 22:03:20;TOALLAS HUMEDAS;Securezza;PH-TH Flow Pack;Cuidado Personal
50000957;SECUREZZA PROTECTOR DE CAMA (6X10UN);1001;3000;PAK;1516,00;0,000;0,000;20.02.2026 - 22:03:20;INCONTINENCIA;Securezza;PH-Protector de Cama;Absorbentes
50000963;CHICCO BS CHAMPU CABELLONORMAL(10x200ML);1001;3000;CS;936,00;0,000;0,000;20.02.2026 - 22:03:20;HIGIENE PERSONAL;Chicco;PH-Champú;Cuidado Personal
50000964;CHICCO BS CHAMPU CABELLO CLARO(10x200ML);1000;3000;CS;0,40;0,000;0,000;20.02.2026 - 22:03:20;HIGIENE PERSONAL;Chicco;PH-Champú;Cuidado Personal
50000964;CHICCO BS CHAMPU CABELLO CLARO(10x200ML);1001;3000;CS;450,00;0,000;0,000;20.02.2026 - 22:03:20;HIGIENE PERSONAL;Chicco;PH-Champú;Cuidado Personal
50000965;CHICCO BS LOCION (10x200ML);1001;3000;CS;80,00;0,000;0,000;20.02.2026 - 22:03:20;HIGIENE PERSONAL;Chicco;PH-Loción;Cuidado Personal
50000969;CHICCO BS TALCO (24x200G);1001;3000;CS;507,00;0,000;0,000;20.02.2026 - 22:03:20;HIGIENE PERSONAL;Chicco;PH-Talco;Cuidado Personal
50000969;CHICCO BS TALCO (24x200G);1000;3000;CS;0,00;0,000;1,333;20.02.2026 - 22:03:20;HIGIENE PERSONAL;Chicco;PH-Talco;Cuidado Personal
50000970;CHICCO BS COLONIA (10x220ML);1000;3000;CS;4,00;0,000;0,000;20.02.2026 - 22:03:20;HIGIENE PERSONAL;Chicco;PH-Colonia;Cuidado Personal
50000970;CHICCO BS COLONIA (10x220ML);1001;3000;CS;3456,00;0,000;0,000;20.02.2026 - 22:03:20;HIGIENE PERSONAL;Chicco;PH-Colonia;Cuidado Personal
50000971;CHICCO BS ACEITE (10x220ML);1001;3000;CS;552,00;0,000;0,000;20.02.2026 - 22:03:20;HIGIENE PERSONAL;Chicco;PH-Aceite;Cuidado Personal
50000974;CHICCO BS TH ORIGINAL (24x72UN);1000;3000;CS;1823,00;0,000;1,250;20.02.2026 - 22:03:20;TOALLAS HUMEDAS;Chicco;PH-TH Flow Pack;Cuidado Personal
50000974;CHICCO BS TH ORIGINAL (24x72UN);1001;3000;CS;1253,00;0,000;0,000;20.02.2026 - 22:03:20;TOALLAS HUMEDAS;Chicco;PH-TH Flow Pack;Cuidado Personal
50000975;CHICCO BS TH ORIGINAL (20x48UN);1000;3000;CS;2122,00;0,000;0,000;20.02.2026 - 22:03:20;TOALLAS HUMEDAS;Chicco;PH-TH Flow Pack;Cuidado Personal
50000975;CHICCO BS TH ORIGINAL (20x48UN);1001;3000;CS;1220,00;0,000;0,000;20.02.2026 - 22:03:20;TOALLAS HUMEDAS;Chicco;PH-TH Flow Pack;Cuidado Personal
50000975;CHICCO BS TH ORIGINAL (20x48UN);1001;3003;CS;250,00;0,000;0,000;20.02.2026 - 22:03:20;TOALLAS HUMEDAS;Chicco;PH-TH Flow Pack;Cuidado Personal
50000981;SIEMPRE SECO PROTEC DE CAMA HB(4X20UN);1001;3000;PAK;3363,00;0,000;0,000;20.02.2026 - 22:03:20;INCONTINENCIA;Siempre Seco;PH-Protector de Cama;Absorbentes
50000986;CHICCO BS CHAMPU CABELLOOSCURO(10x200ML);1001;3000;CS;402,00;0,000;0,000;20.02.2026 - 22:03:20;HIGIENE PERSONAL;Chicco;PH-Champú;Cuidado Personal
50000990;CHICCO PAÑAL DE NIÑO M REG (8X20UN);1001;3000;PAK;2058,00;0,000;0,000;20.02.2026 - 22:03:20;ABSORBENTES NIÑOS;Chicco;PH-Pañal Anatóm. T3;Absorbentes
50000992;CHICCO PAÑAL DE NIÑO G REG (8X20UN);1001;3000;PAK;1079,00;0,000;0,000;20.02.2026 - 22:03:20;ABSORBENTES NIÑOS;Chicco;PH-Pañal Anatóm. T3;Absorbentes
50000993;CHICCO PAÑAL DE NIÑO XG REG (8X20UN);1001;3000;PAK;1564,00;0,000;0,000;20.02.2026 - 22:03:20;ABSORBENTES NIÑOS;Chicco;PH-Pañal Anatóm. T3;Absorbentes
50001002;CHICCO BS CREMA PROTECTORA (16x80G);1001;3000;CS;136,00;0,000;0,000;20.02.2026 - 22:03:20;HIGIENE PERSONAL;Chicco;PH-Crema Protectoras;Cuidado Personal
50001005;AMY SEC TH MANZANILLA P/BEBES (24x72UN);1000;3000;CS;666,00;0,000;0,000;20.02.2026 - 22:03:20;TOALLAS HUMEDAS;Amy;PH-TH Flow Pack;Cuidado Personal
50001005;AMY SEC TH MANZANILLA P/BEBES (24x72UN);1000;3003;CS;210,00;0,000;0,000;20.02.2026 - 22:03:20;TOALLAS HUMEDAS;Amy;PH-TH Flow Pack;Cuidado Personal
50001005;AMY SEC TH MANZANILLA P/BEBES (24x72UN);1001;3000;CS;1303,00;0,000;0,000;20.02.2026 - 22:03:20;TOALLAS HUMEDAS;Amy;PH-TH Flow Pack;Cuidado Personal
50001006;CHICCO BS ACEITE CREMOSO (10x200ML);1001;3000;CS;59,00;0,000;0,000;20.02.2026 - 22:03:20;HIGIENE PERSONAL;Chicco;PH-Aceite;Cuidado Personal
50001009;CHICCO BS CHAMPU CABELLOOSCURO(28x100ML);1001;3000;CS;72,00;0,000;0,000;20.02.2026 - 22:03:20;HIGIENE PERSONAL;Chicco;PH-Champú;Cuidado Personal
50001011;CHICCO BS COLONIA (28x100ML);1001;3000;CS;1786,00;0,000;0,000;20.02.2026 - 22:03:20;HIGIENE PERSONAL;Chicco;PH-Colonia;Cuidado Personal
50001011;CHICCO BS COLONIA (28x100ML);1001;3003;CS;10,00;0,000;0,000;20.02.2026 - 22:03:20;HIGIENE PERSONAL;Chicco;PH-Colonia;Cuidado Personal
50001012;CHICCO BS ACEITE (28x100ML);1000;3000;CS;0,00;0,000;0,107;20.02.2026 - 22:03:20;HIGIENE PERSONAL;Chicco;PH-Aceite;Cuidado Personal
50001012;CHICCO BS ACEITE (28x100ML);1001;3000;CS;247,00;0,000;0,000;20.02.2026 - 22:03:20;HIGIENE PERSONAL;Chicco;PH-Aceite;Cuidado Personal
50001015;CHICCO BS CHAMPU CABELLO CLARO(28x100ML);1001;3000;CS;344,00;0,000;0,000;20.02.2026 - 22:03:20;HIGIENE PERSONAL;Chicco;PH-Champú;Cuidado Personal
50001016;CHICCO BS CHAMPU CABELLONORMAL(28x100ML);1001;3000;CS;132,00;0,000;0,000;20.02.2026 - 22:03:20;HIGIENE PERSONAL;Chicco;PH-Champú;Cuidado Personal
50001019;CHICCO BS GEL ANTIBACTERIAL (28x100ML);1000;3000;CS;0,93;0,000;0,000;20.02.2026 - 22:03:20;HIGIENE PERSONAL;Chicco;PH-Gel Antibacterial;Cuidado Personal
50001019;CHICCO BS GEL ANTIBACTERIAL (28x100ML);1001;3000;CS;368,00;0,000;0,000;20.02.2026 - 22:03:20;HIGIENE PERSONAL;Chicco;PH-Gel Antibacterial;Cuidado Personal
50001020;CHICCO BS LOCION (28x100ML);1001;3000;CS;200,00;0,000;0,000;20.02.2026 - 22:03:20;HIGIENE PERSONAL;Chicco;PH-Loción;Cuidado Personal
50001021;SECUREZZA POST PARTO (12X15UN);1001;3000;PAK;4940,00;0,000;0,000;20.02.2026 - 22:03:20;INCONTINENCIA;Securezza;PH-Toalla Post-Parto;Absorbentes
50001023;CHICCO BS COTONCITO (32x100UN);1001;3000;CS;531,00;0,000;0,000;20.02.2026 - 22:03:20;ALGODONES PT;Chicco;PH-Hisopos;Cuidado Personal
50001024;CHICCO BS COTONCITO (48x60UN);1000;3003;CS;0,00;0,000;0,000;20.02.2026 - 22:03:20;ALGODONES PT;Chicco;PH-Hisopos;Cuidado Personal
50001024;CHICCO BS COTONCITO (48x60UN);1001;3000;CS;734,00;0,000;0,000;20.02.2026 - 22:03:20;ALGODONES PT;Chicco;PH-Hisopos;Cuidado Personal
50001025;CHICCO BS MOTAS DE ALGODON (12x100UN);1000;3000;CS;0,00;0,000;0,333;20.02.2026 - 22:03:20;ALGODONES PT;Chicco;PH-Motas De Algodón;Cuidado Personal
50001025;CHICCO BS MOTAS DE ALGODON (12x100UN);1001;3000;CS;420,00;0,000;0,000;20.02.2026 - 22:03:20;ALGODONES PT;Chicco;PH-Motas De Algodón;Cuidado Personal
50001026;BASTONCITO PARA HISOPOS (NACIONAL PH);1000;3000;CS;50,00;0,000;0,000;20.02.2026 - 22:03:20;ALGODONES PT;Pharsana;PH-Hisopos;Cuidado Personal
50001039;CHICCO BS JABON EN BARRA P/NIÑOS(30x90);1001;3000;CS;229,00;0,000;0,000;20.02.2026 - 22:03:20;HIGIENE PERSONAL;Chicco;PH-Jabon en barra;Cuidado Personal
50001045;CHICCO BS TALCO (24x100G);1000;3000;CS;0,00;0,000;0,458;20.02.2026 - 22:03:20;HIGIENE PERSONAL;Chicco;PH-Talco;Cuidado Personal
50001045;CHICCO BS TALCO (24x100G);1001;3000;CS;555,00;0,000;0,000;20.02.2026 - 22:03:20;HIGIENE PERSONAL;Chicco;PH-Talco;Cuidado Personal
50001046;CHICCO BS ACEITE CREMOSO (28x100ML);1001;3000;CS;137,00;0,000;0,000;20.02.2026 - 22:03:20;HIGIENE PERSONAL;Chicco;PH-Aceite;Cuidado Personal
50001047;SECUREZZA CLASSIC M (4X20UN) PROMOPACK;1001;3000;PAK;293,00;0,000;0,000;20.02.2026 - 22:03:20;INCONTINENCIA;Securezza;PH-Protector Incont.;Absorbentes
50001048;SECUREZZA CLASSIC L (4X20UN) PROMOPACK;1001;3000;PAK;670,00;0,000;0,000;20.02.2026 - 22:03:20;INCONTINENCIA;Securezza;PH-Protector Incont.;Absorbentes
50001049;SECUREZZA COMFORT M (4X20UN) PROMOPACK;1001;3000;PAK;397,00;0,000;0,000;20.02.2026 - 22:03:20;INCONTINENCIA;Securezza;PH-Protector Incont.;Absorbentes
50001050;SECUREZZA COMFORT L (4X20UN) PROMOPACK;1001;3000;PAK;352,00;0,000;0,000;20.02.2026 - 22:03:20;INCONTINENCIA;Securezza;PH-Protector Incont.;Absorbentes
50001051;CHICCO BS COTONCITO(12x300UN PAGA 200UN);1001;3000;CS;163,00;0,000;0,000;20.02.2026 - 22:03:20;ALGODONES PT;Chicco;PH-Hisopos;Cuidado Personal
50001054;CHICCO BS MOTAS ALG (12x100UN) PROMO;1001;3000;CS;201,00;0,000;0,000;20.02.2026 - 22:03:20;ALGODONES PT;Chicco;PH-Motas De Algodón;Cuidado Personal
50001055;LADY FACE TH DESMAQUILLANTE (24x24UN);1001;3000;CS;372,00;0,000;0,000;20.02.2026 - 22:03:20;TOALLAS HUMEDAS;Lady Face;PH-TH Travel Pack;Cuidado Personal
50001056;LADY FACE TH PREVENIR ACNE (24x24UN);1001;3000;CS;63,00;0,000;0,000;20.02.2026 - 22:03:20;TOALLAS HUMEDAS;Lady Face;PH-TH Travel Pack;Cuidado Personal
50001057;FRIENDS TH INTIMA (24x24UN);1001;3000;CS;26,00;0,000;0,000;20.02.2026 - 22:03:20;TOALLAS HUMEDAS;Friends;PH-TH Travel Pack;Cuidado Personal
50001066;FRIENDS TS ULTRADELGA (36X10UN);1001;3000;CS;660,00;0,000;0,000;20.02.2026 - 22:03:20;ABSORBENTES FEMENINA;Friends;PH-Toalla Sanitaria;Absorbentes
50001067;FRIENDS TS NOCTURNA CON ALAS (36X10UN);1001;3000;CS;184,00;0,000;0,000;20.02.2026 - 22:03:20;ABSORBENTES FEMENINA;Friends;PH-Toalla Sanitaria;Absorbentes
50001069;SECUREZZA BC CREMA DERMO PROTEC(15x130G);1001;3000;CS;19,00;0,000;0,000;20.02.2026 - 22:03:20;HIGIENE PERSONAL;Securezza;PH-Crema Protectoras;Cuidado Personal
50001072;AMY SEC TH 99% AGUA (20x48UN);1000;3000;CS;1130,00;0,000;0,450;20.02.2026 - 22:03:20;TOALLAS HUMEDAS;Amy;PH-TH Flow Pack;Cuidado Personal
50001072;AMY SEC TH 99% AGUA (20x48UN);1001;3000;CS;1232,00;0,000;0,000;20.02.2026 - 22:03:20;TOALLAS HUMEDAS;Amy;PH-TH Flow Pack;Cuidado Personal
50001079;AMY SEC TH 99% AGUA (48x24UN);1000;3000;CS;675,00;0,000;0,438;20.02.2026 - 22:03:20;TOALLAS HUMEDAS;Amy;PH-TH Travel Pack;Cuidado Personal
50001079;AMY SEC TH 99% AGUA (48x24UN);1000;3003;CS;326,00;0,000;0,000;20.02.2026 - 22:03:20;TOALLAS HUMEDAS;Amy;PH-TH Travel Pack;Cuidado Personal
50001079;AMY SEC TH 99% AGUA (48x24UN);1001;3000;CS;1142,00;261,000;0,000;20.02.2026 - 22:03:20;TOALLAS HUMEDAS;Amy;PH-TH Travel Pack;Cuidado Personal
50001084;CHICCO BS TH ORIGINAL (48x24UN);1000;3000;CS;1294,00;0,000;0,000;20.02.2026 - 22:03:20;TOALLAS HUMEDAS;Chicco;PH-TH Travel Pack;Cuidado Personal
50001084;CHICCO BS TH ORIGINAL (48x24UN);1001;3000;CS;1216,00;234,000;0,000;20.02.2026 - 22:03:20;TOALLAS HUMEDAS;Chicco;PH-TH Travel Pack;Cuidado Personal
50001086;FRIENDS PANTY MENSTRUAL TALLA S (8X3);1001;3000;CS;40,00;0,000;0,000;20.02.2026 - 22:03:20;INCONTINENCIA;Friends;PH-Panty Menstrual;Absorbentes
50001088;FRIENDS PANTY MENSTRUAL TALLA M (8X3);1001;3000;CS;59,00;0,000;0,000;20.02.2026 - 22:03:20;INCONTINENCIA;Friends;PH-Panty Menstrual;Absorbentes
50001089;FRIENDS PANTY MENSTRUAL TALLA L (8X3);1001;3000;CS;37,00;0,000;0,000;20.02.2026 - 22:03:20;INCONTINENCIA;Friends;PH-Panty Menstrual;Absorbentes
50001095;SECUREZZA PANTS M (8X10);1001;3000;PAK;430,00;0,000;0,000;20.02.2026 - 22:03:20;INCONTINENCIA;Securezza;PH-Pañal Pull Up;Absorbentes
50001100;CHICCO BS CHAMPU CABELLONORMAL(10x400ML);1001;3000;CS;1272,00;3,000;0,000;20.02.2026 - 22:03:20;HIGIENE PERSONAL;Chicco;PH-Champú;Cuidado Personal
50001101;CHICCO BS CHAMPU CABELLO CLARO(10x400ML);1001;3000;CS;625,00;0,000;0,000;20.02.2026 - 22:03:20;HIGIENE PERSONAL;Chicco;PH-Champú;Cuidado Personal
50001102;CHICCO BS CHAMPU CABELLOOSCURO(10x400ML);1001;3000;CS;61,00;0,000;0,000;20.02.2026 - 22:03:20;HIGIENE PERSONAL;Chicco;PH-Champú;Cuidado Personal
50001106;FRIENDS PD REGULAR S/P (12X40UN);1001;3000;PAK;1366,00;0,000;0,000;20.02.2026 - 22:03:20;ABSORBENTES FEMENINA;Friends;PH-Protector Diario;Absorbentes
50001107;FRIENDS PD REGULAR S/P (12X60UN);1001;3000;PAK;380,00;0,000;0,000;20.02.2026 - 22:03:20;ABSORBENTES FEMENINA;Friends;PH-Protector Diario;Absorbentes
50001108;FRIENDS TS XTREME SEC REGULAR (12x14UN);1001;3000;PAK;543,00;0,000;0,000;20.02.2026 - 22:03:20;ABSORBENTES FEMENINA;Friends;PH-Toalla Sanitaria;Absorbentes
50001109;FRIENDS TS TELA REGULAR (12x14UN);1001;3000;PAK;967,00;0,000;0,000;20.02.2026 - 22:03:20;ABSORBENTES FEMENINA;Friends;PH-Toalla Sanitaria;Absorbentes
50001110;FRIENDS PD MANZANILLA (12X40UN);1001;3000;PAK;88,00;0,000;0,000;20.02.2026 - 22:03:20;ABSORBENTES FEMENINA;Friends;PH-Protector Diario;Absorbentes
50001111;FRIENDS TS NOCTURNA SIN ALAS (12x10UN);1001;3000;PAK;1405,00;0,000;0,000;20.02.2026 - 22:03:20;ABSORBENTES FEMENINA;Friends;PH-Toalla Sanitaria;Absorbentes
50001113;ACTIVA SEC PERD. ABUNDANTE(6x20UN) PROMO;1001;3000;PAK;234,00;0,000;0,000;20.02.2026 - 22:03:20;INCONTINENCIA;Activa;PH-Toalla Incontinen;Absorbentes
50001116;ACTIVA SEC PD PERD OCAS PROMO (6X80UN);1001;3000;PAK;714,00;0,000;0,000;20.02.2026 - 22:03:20;ABSORBENTES FEMENINA;Activa;PH-Protector Diario;Absorbentes
50001123;FRIENDS JABON INTIMO (12x240ML);1001;3000;CS;236,00;0,000;0,000;20.02.2026 - 22:03:20;HIGIENE PERSONAL;Friends;PH-Jabón Líquido;Cuidado Personal
50001124;CHICCO BS JABON LIQUIDO(10x400ML);1001;3000;CS;73,00;0,000;0,000;20.02.2026 - 22:03:20;HIGIENE PERSONAL;Chicco;PH-Jabón Líquido;Cuidado Personal
50001130;FRIENDS PD REGULAR S/P (24X20UN);1001;3000;PAK;449,00;0,000;0,000;20.02.2026 - 22:03:20;ABSORBENTES FEMENINA;Friends;PH-Protector Diario;Absorbentes
50001133;FRIENDS PD MANZANILLA (24X20UN);1001;3000;PAK;235,00;0,000;0,000;20.02.2026 - 22:03:20;ABSORBENTES FEMENINA;Friends;PH-Protector Diario;Absorbentes
50001134;FRIENDS PD REGULAR S/P PROMO (12X60UN);1001;3000;PAK;733,00;0,000;0,000;20.02.2026 - 22:03:20;ABSORBENTES FEMENINA;Friends;PH-Protector Diario;Absorbentes
50001136;LADYFACE DISCOS DE ALG (8x80UN)PROMO3x2;1001;3000;CS;140,00;0,000;0,000;20.02.2026 - 22:03:20;ALGODONES PT;Lady Face;PH-Cotton Round;Cuidado Personal
50001137;LADY FACE DISCOS DE ALGODON (24x80UN);1001;3000;CS;164,00;0,000;0,000;20.02.2026 - 22:03:20;ALGODONES PT;Lady Face;PH-Cotton Round;Cuidado Personal
50001139;CHICCO PAÑAL DE NIÑO XXG REG (8X20UN);1001;3000;PAK;2294,00;0,000;0,000;20.02.2026 - 22:03:20;ABSORBENTES NIÑOS;Chicco;PH-Pañal Anatóm. T3;Absorbentes
50001169;FRIENDS PD LONG (24X20UN);1001;3000;PAK;107,00;0,000;0,000;20.02.2026 - 22:03:20;ABSORBENTES FEMENINA;Friends;PH-Protector Diario;Absorbentes
50001187;CHICCO BS JABON LIQUIDO(10x450ML);1001;3000;CS;241,00;0,000;0,000;20.02.2026 - 22:03:20;HIGIENE PERSONAL;Chicco;PH-Jabón Líquido;Cuidado Personal
50001189;CHICCO BS JABON LIQUIDO(10x220ML);1000;3003;CS;979,00;0,000;0,000;20.02.2026 - 22:03:20;HIGIENE PERSONAL;Chicco;PH-Jabón Líquido;Cuidado Personal
50001189;CHICCO BS JABON LIQUIDO(10x220ML);1001;3000;CS;111,00;0,000;0,000;20.02.2026 - 22:03:20;HIGIENE PERSONAL;Chicco;PH-Jabón Líquido;Cuidado Personal
52000048;INTYLACT TH INTIMA ARANDANO (32x20UN);1000;3000;CS;450,00;0,000;0,000;20.02.2026 - 22:03:20;TOALLAS HUMEDAS;Marca Privada;PH-TH Travel Pack;Cuidado Personal
52000069;BOROCANFOR ORIGINAL POLVO 60G (VITA);1000;3003;CS;398,00;0,000;0,000;20.02.2026 - 22:03:20;HIGIENE PERSONAL;Marca Privada;PH-Talco;Cuidado Personal
52000070;BOROCANFOR ORIGINAL POLVO 120 G (VITA);1000;3000;CS;174,00;0,000;0,000;20.02.2026 - 22:03:20;HIGIENE PERSONAL;Marca Privada;PH-Talco;Cuidado Personal
