Razón Social;Gpo de Cliente;ClaseDoc.;Num.Factura;Sector;Canal;Fecha.Doc;Zona.Vtas;Almacen;Denominacion Material;Cantidad UMV;UM.Vtas;Cantidad UMB;UM.Base;Prec.Unitario;Monto Neto;IVA;Importe Final;Doc.Comercial;Cond.Pago;Fec.Venc.;Moneda.Doc.;Status de Anulacion;Doc.Anulac;Grp.Vend;Vendedor;Referencia;Pedido.Vta;Jerarquía 1;Jerarquía 2;Jerarquía 3;UM.Peso;Peso.Fact;Peso.Total;Um.PesoGen;Ramo;Gr.Material;Gr.Articulo;Tipo.Cambio;Mes;Ejercicio;Prec.Unitario 2;Monto Neto 2;IVA 2;Importe Final 2;Conc.Busq;Codigo_Mat;Listas_precios;;Cod_cliente;;Ind_retcl;Ind_auto_retcl;fechahora;CodMot;Tx Motivo;CodVend;OrgVtas
DISERKHAT, C.A.;Distribuidores Enf.;Fact. Nac. Ampo.;7000012171;Inyecto Soplado;Distribuidor;20260211;Zona Centro Occid.;3000;ENVASE PET TRANSP FARMA  60 ML;3120,000;PZA;3120,000;PZA;56,27;175547,33;28087,57;203634,90;Factura;Contado;20260211;VED;NA;;GV ClReg. Ampofr.;JORGE REYES;00-056718;1202009400;Farma S/Impresión;Transparente;60 ml.;G;42650,400;TO;0,043;Comercializadora;AM-Farma;ENVASES PT;388,73940;02;2026;0,14;451,58;72,25;523,83;DISERKHAT;70000084;Precio Base General;Distribuidor;0010000748;17;01;X;20.02.2026 - 22:04:07;;;00120005;1200
DISERKHAT, C.A.;Distribuidores Enf.;Fact. Nac. Ampo.;7000012171;Inyecto Soplado;Distribuidor;20260211;Zona Centro Occid.;3000;ENV PET TRANSP COSMETIC OVAL 100 ML (PH);2925,000;PZA;2925,000;PZA;65,36;191182,21;30589,16;221771,37;Factura;Contado;20260211;VED;NA;;GV ClReg. Ampofr.;JORGE REYES;00-056718;1202009400;Cosmetica Cilindrica;Transparente;100 ml.;G;46800,000;TO;0,047;Comercializadora;AM-Cosmética;ENVASES PT;388,73940;02;2026;0,17;491,80;78,69;570,49;DISERKHAT;70000421;Precio Base General;Distribuidor;0010000748;17;01;X;20.02.2026 - 22:04:07;;;00120005;1200
DISERKHAT, C.A.;Distribuidores Enf.;Fact. Nac. Ampo.;7000012172;Inyecto Soplado;Distribuidor;20260211;Zona Centro Occid.;3000;ENV PET TRANSP COSMETIC OVAL 100 ML (PH);3510,000;PZA;3510,000;PZA;66,27;232596,12;37215,38;269811,50;Factura;Contado;20260211;VED;NA;;GV ClReg. Ampofr.;JORGE REYES;00-056719;1202009406;Cosmetica Cilindrica;Transparente;100 ml.;G;56160,000;TO;0,056;Comercializadora;AM-Cosmética;ENVASES PT;388,73940;02;2026;0,17;598,33;95,73;694,07;DISERKHAT;70000421;Precio Base General;Distribuidor;0010000748;17;01;X;20.02.2026 - 22:04:07;;;00120005;1200
BIOQUIMICA INTERNACIONAL, C.A.;Distribuidores Trad.;Fact. Nac. Ampo.;7000012186;Inyecto Soplado;Venta Directa;20260220;Zona Centro Occid.;3000;ENVASE PET AMBAR FARMA  60 ML;8112,000;PZA;8112,000;PZA;59,81;485178,72;77628,60;562807,32;Factura;Contado;20260220;VED;NA;;GV ClReg. Ampofr.;JORGE REYES;00-056737;1202009418;Farma S/Impresión;Ambar;60 ml.;G;113568,000;TO;0,114;Industria Química;AM-Farma;ENVASES PT;402,33430;02;2026;0,15;1205,91;192,95;1398,85;BIOQUIMICA;70000054;Precio Base General;Distribuidor;0010000754;17;01;X;20.02.2026 - 22:04:07;;;00120005;1200
MOLINOS NACIONALES C.A. (MONACA);Manufactura;Fact. Nac. Ampo.;7000012154;Inyecto Soplado;Venta Directa;20260205;Zona Centro;3000;ENVASE MULTIUSOS 828ml  (23g);35280,000;PZA;35280,000;PZA;43,31;1528021,25;244483,40;1772504,65;Factura;Contado;20260205;VED;NA;;GV ClReg. Ampofr.;HORACIO HERNANDEZ;00-056698;1202009392;Jugos;Transparente;500 ml.;G;811440,000;TO;0,811;Alimentos;AM-Env. Plásticos;ENVASES PT;378,45820;02;2026;0,11;4037,49;646,00;4683,49;MOLINOS;70000808;Precio Base General;;0010000887;17;01;X;20.02.2026 - 22:04:07;;;00120003;1200
MOLINOS NACIONALES C.A. (MONACA);Manufactura;Fact. Nac. Ampo.;7000012155;Servicios;Venta Directa;20260205;Zona Centro;;FLETE POR VIAJE CORTINERO;1,000;SER;1,000;SER;220781,16;220781,16;0,00;220781,16;Factura;Contado;20260205;VED;NA;;GV ClReg. Ampofr.;HORACIO HERNANDEZ;00-056699;1202009393;Servicios Administrat.;;;KG;0,000;TO;0,000;Alimentos;Fletes;FLETE PROD TERMINADO;378,45820;02;2026;583,37;583,37;0,00;583,37;MOLINOS;91000036;Precio Base General;;0010000887;17;01;X;20.02.2026 - 22:04:07;;;00120003;1200
MOLINOS NACIONALES C.A. (MONACA);Manufactura;Fact. Nac. Ampo.;7000012165;Inyecto Soplado;Venta Directa;20260210;Zona Centro;3000;ENVASE MULTIUSOS 828ml  (23g);35280,000;PZA;35280,000;PZA;43,31;1528021,25;244483,40;1772504,65;Factura;Contado;20260210;VED;NA;;GV ClReg. Ampofr.;HORACIO HERNANDEZ;00-056712;1202009402;Jugos;Transparente;500 ml.;G;811440,000;TO;0,811;Alimentos;AM-Env. Plásticos;ENVASES PT;385,27200;02;2026;0,11;3966,08;634,57;4600,66;MOLINOS;70000808;Precio Base General;;0010000887;17;01;X;20.02.2026 - 22:04:07;;;00120003;1200
MOLINOS NACIONALES C.A. (MONACA);Manufactura;N/C Dev. Nac. Ampo.;7200000780;Inyecto Soplado;Venta Directa;20260211;Zona Centro;3000;ENVASE MULTIUSOS 828ml  (23g);-35280,000;PZA;-35280,000;PZA;-43,31;-1528021,25;-244483,40;-1772504,65;Abono;Contado;20260211;VED;NA;;GV ClReg. Ampofr.;HORACIO HERNANDEZ;00-056723;1206000339;Jugos;Transparente;500 ml.;G;-811440,000;TO;-0,811;Alimentos;AM-Env. Plásticos;ENVASES PT;388,73940;02;2026;-0,11;-3930,71;-628,91;-4559,62;MOLINOS;70000808;Precio Base General;;0010000887;17;01;X;20.02.2026 - 22:04:07;Z02;Reverso Total De Factura;00120003;1200
ENVASES METROPOLITANOS MM 1, C.A.;Distribuidores Enf.;Fact. Nac. Ampo.;7000012148;Inyecto Soplado;Distribuidor;20260205;Zona Metropolitana;3000;ENVASE PET AMBAR FARMA  60 ML;780,000;PZA;780,000;PZA;37,78;29470,74;4715,32;34186,06;Factura;Contado;20260205;VED;NA;;GV ClReg. Ampofr.;RAMON DAZA;00-056692;1202009391;Farma S/Impresión;Ambar;60 ml.;G;10920,000;TO;0,011;Comercializadora;AM-Farma;ENVASES PT;378,45820;02;2026;0,10;77,87;12,46;90,33;ENVASES;70000054;Precio Base General;Distribuidor;0010000890;17;01;X;20.02.2026 - 22:04:07;;;00120004;1200
RENE DESSES DE VENEZUELA, C.A;Manufactura;Fact. Nac. Ampo.;7000012188;Inyecto Soplado;Venta Directa;20260220;Zona Metropolitana;3000;ENV.PET BLANCO COSMETIC 200 ML SENSITIVE;7021,000;PZA;7021,000;PZA;93,75;658235,74;105317,72;763553,46;Factura;Contado;20260220;VED;NA;;GV ClReg. Ampofr.;RAMON DAZA;00-056739;1202009417;Cosmetica Sensitive;Blanco;200 ml.;G;156217,250;TO;0,156;Cuidado Personal;AM-Cosmética;ENVASES PT;402,33430;02;2026;0,23;1636,04;261,77;1897,81;;70000041;Precio Base General;Cosmetica;0010000954;17;01;X;20.02.2026 - 22:04:07;;;00120004;1200
NEGROPRO SOLUCIONES TECNICAS, S.A.;Distribuidores Enf.;Fact. Nac. Ampo.;7000012145;Inyecto Soplado;Venta Directa;20260204;Zona Metropolitana;3000;ENV PET TRANSP COSMETIC OVAL 100 ML (PH);1170,000;PZA;1170,000;PZA;0,18;211,65;33,86;245,51;Factura;Contado;20260204;USD;NA;;GV ClReg. Ampofr.;JORGE REYES;00-056689;1202009388;Cosmetica Cilindrica;Transparente;100 ml.;G;18720,000;TO;0,019;Productos De Limpiez;AM-Cosmética;ENVASES PT;0,00000;02;2026;0,18;211,65;33,86;245,51;NEGROPRO;70000421;Precio Base General;Distribuidor;0010001076;17;01;X;20.02.2026 - 22:04:07;;;00120005;1200
NEGROPRO SOLUCIONES TECNICAS, S.A.;Distribuidores Enf.;Fact. Nac. Ampo.;7000012145;Inyecto Soplado;Venta Directa;20260204;Zona Metropolitana;3000;ENVASE PET AMBAR FARMA 180 ML;704,000;PZA;704,000;PZA;0,26;182,66;29,23;211,89;Factura;Contado;20260204;USD;NA;;GV ClReg. Ampofr.;JORGE REYES;00-056689;1202009388;Farma S/Impresión;Ambar;180 ml.;G;16635,520;TO;0,017;Productos De Limpiez;AM-Farma;ENVASES PT;0,00000;02;2026;0,26;182,66;29,23;211,89;NEGROPRO;70000058;Precio Base General;Distribuidor;0010001076;17;01;X;20.02.2026 - 22:04:07;;;00120005;1200
NEGROPRO SOLUCIONES TECNICAS, S.A.;Distribuidores Enf.;Fact. Nac. Ampo.;7000012145;Inyecto Soplado;Venta Directa;20260204;Zona Metropolitana;3000;ENV.PET TRANSP COSMETIC 200 ML SENSITIVE;885,000;PZA;885,000;PZA;0,24;216,77;34,68;251,45;Factura;Contado;20260204;USD;NA;;GV ClReg. Ampofr.;JORGE REYES;00-056689;1202009388;Cosmetica Sensitive;Transparente;200 ml.;G;19470,000;TO;0,019;Productos De Limpiez;AM-Cosmética;ENVASES PT;0,00000;02;2026;0,24;216,77;34,68;251,45;NEGROPRO;70000042;Precio Base General;Distribuidor;0010001076;17;01;X;20.02.2026 - 22:04:07;;;00120005;1200
NEGROPRO SOLUCIONES TECNICAS, S.A.;Distribuidores Enf.;Fact. Nac. Ampo.;7000012146;Inyecto Soplado;Venta Directa;20260204;Zona Metropolitana;3000;ENVASE GEL PACK TRANSP TAPA TRANSP;210,000;PZA;210,000;PZA;0,49;102,88;16,46;119,34;Factura;Contado;20260204;USD;NA;;GV ClReg. Ampofr.;JORGE REYES;00-056690;1202009388;Tarro Gel Pack;;;G;9240,000;TO;0,009;Productos De Limpiez;AM-Env. Plásticos;ENVASES PT;0,00000;02;2026;0,49;102,88;16,46;119,34;NEGROPRO;70000051;Precio Base General;Distribuidor;0010001076;17;01;X;20.02.2026 - 22:04:07;;;00120005;1200
GUSTAVO JOSE PINTO RAMOS;Distribuidores Enf.;Fact. Nac. Ampo.;7000012156;Inyecto Soplado;Distribuidor;20260206;Zona Centro Occid.;3000;ENVASE PET AMBAR FARMA 120 ML (18gr);351,000;PZA;351,000;PZA;76,19;26742,87;4278,86;31021,73;Factura;Contado;20260206;VED;NA;;GV ClReg. Ampofr.;JORGE REYES;00-056700;1202009396;Farma S/Impresión;Ambar;120 ml.;G;6318,000;TO;0,006;Comercializadora;AM-Farma;ENVASES PT;381,10740;02;2026;0,20;70,17;11,23;81,40;GUSTAVO;70000667;Precio Base General;Distribuidor;0010001125;17;01;X;20.02.2026 - 22:04:07;;;00120005;1200
GUSTAVO JOSE PINTO RAMOS;Distribuidores Enf.;Fact. Nac. Ampo.;7000012156;Inyecto Soplado;Distribuidor;20260206;Zona Centro Occid.;3000;ENVASE PET AMBAR FARMA 180 ML;616,000;PZA;616,000;PZA;97,32;59947,84;9591,65;69539,49;Factura;Contado;20260206;VED;NA;;GV ClReg. Ampofr.;JORGE REYES;00-056700;1202009396;Farma S/Impresión;Ambar;180 ml.;G;14556,080;TO;0,015;Comercializadora;AM-Farma;ENVASES PT;381,10740;02;2026;0,26;157,30;25,17;182,47;GUSTAVO;70000058;Precio Base General;Distribuidor;0010001125;17;01;X;20.02.2026 - 22:04:07;;;00120005;1200
GUSTAVO JOSE PINTO RAMOS;Distribuidores Enf.;Fact. Nac. Ampo.;7000012156;Inyecto Soplado;Distribuidor;20260206;Zona Centro Occid.;3000;ENVASE PET AMBAR FARMA 240 ML;1120,000;PZA;1120,000;PZA;97,32;108996,08;17439,38;126435,46;Factura;Contado;20260206;VED;NA;;GV ClReg. Ampofr.;JORGE REYES;00-056700;1202009396;Farma S/Impresión;Ambar;240 ml.;G;25670,400;TO;0,026;Comercializadora;AM-Farma;ENVASES PT;381,10740;02;2026;0,26;286,00;45,76;331,76;GUSTAVO;70000059;Precio Base General;Distribuidor;0010001125;17;01;X;20.02.2026 - 22:04:07;;;00120005;1200
GUSTAVO JOSE PINTO RAMOS;Distribuidores Enf.;Fact. Nac. Ampo.;7000012187;Inyecto Soplado;Distribuidor;20260220;Zona Centro Occid.;3000;ENVASE PET AMBAR FARMA 240 ML;2240,000;PZA;2240,000;PZA;103,46;231744,80;37079,17;268823,97;Factura;Contado;20260220;VED;NA;;GV ClReg. Ampofr.;JORGE REYES;00-056738;1202009416;Farma S/Impresión;Ambar;240 ml.;G;51340,800;TO;0,051;Comercializadora;AM-Farma;ENVASES PT;402,33430;02;2026;0,26;576,00;92,16;668,16;GUSTAVO;70000059;Precio Base General;Distribuidor;0010001125;17;01;X;20.02.2026 - 22:04:07;;;00120005;1200
GUSTAVO JOSE PINTO RAMOS;Distribuidores Enf.;Fact. Nac. Ampo.;7000012187;Inyecto Soplado;Distribuidor;20260220;Zona Centro Occid.;3000;ENVASE PET AMBAR FARMA 120 ML (18gr);468,000;PZA;468,000;PZA;81,00;37906,68;6065,07;43971,75;Factura;Contado;20260220;VED;NA;;GV ClReg. Ampofr.;JORGE REYES;00-056738;1202009416;Farma S/Impresión;Ambar;120 ml.;G;8424,000;TO;0,008;Comercializadora;AM-Farma;ENVASES PT;402,33430;02;2026;0,20;94,22;15,07;109,29;GUSTAVO;70000667;Precio Base General;Distribuidor;0010001125;17;01;X;20.02.2026 - 22:04:07;;;00120005;1200
ALIMENTOS POLAR COMERCIAL, C.A.;Manufactura;Fact. Nac. Ampo.;7000012141;Inyecto Soplado;Venta Directa;20260203;Zona Metropolitana;3000;ENVASE PET MAYONESA 200 ML;13,000;PAL;109824,000;PZA;1370,27;17813,45;2850,15;20663,60;Factura;Crédito 15 Días;20260218;USD;NA;;GV ClReg. Ampofr.;OFICINA AMPOFRASCA;00-056685;1202009386;Especias;Transparente;200 gr.;G;2114112,000;TO;2,114;Alimentos;AM-Especias;ENVASES PT;0,00000;02;2026;1370,27;17813,45;2850,15;20663,60;MME-PULMON;70000666;Precio Base General;;0010001154;17;01;X;20.02.2026 - 22:04:07;;;00120002;1200
ALIMENTOS POLAR COMERCIAL, C.A.;Manufactura;Fact. Nac. Ampo.;7000012142;Servicios;Venta Directa;20260203;Zona Metropolitana;;FLETE POR VIAJE CORTINERO;1,000;SER;1,000;SER;318,00;318,00;0,00;318,00;Factura;Crédito 15 Días;20260218;USD;NA;;GV ClReg. Ampofr.;OFICINA AMPOFRASCA;00-056686;1202009387;Servicios Administrat.;;;KG;0,000;TO;0,000;Alimentos;Fletes;FLETE PROD TERMINADO;0,00000;02;2026;318,00;318,00;0,00;318,00;MME-PULMON;91000036;Precio Base General;;0010001154;17;01;X;20.02.2026 - 22:04:07;;;00120002;1200
ALIMENTOS POLAR COMERCIAL, C.A.;Manufactura;Fact. Nac. Ampo.;7000012143;Inyecto Soplado;Venta Directa;20260203;Zona Metropolitana;3000;ENVASE PET MAYONESA 200 ML;18,000;PAL;152064,000;PZA;1370,27;24664,78;3946,36;28611,14;Factura;Crédito 15 Días;20260218;USD;NA;;GV ClReg. Ampofr.;OFICINA AMPOFRASCA;00-056687;1202009386;Especias;Transparente;200 gr.;G;2927232,000;TO;2,927;Alimentos;AM-Especias;ENVASES PT;0,00000;02;2026;1370,27;24664,78;3946,36;28611,14;MME-PULMON;70000666;Precio Base General;;0010001154;17;01;X;20.02.2026 - 22:04:07;;;00120002;1200
ALIMENTOS POLAR COMERCIAL, C.A.;Manufactura;Fact. Nac. Ampo.;7000012144;Servicios;Venta Directa;20260203;Zona Metropolitana;;FLETE POR VIAJE CORTINERO;1,000;SER;1,000;SER;318,00;318,00;0,00;318,00;Factura;Crédito 15 Días;20260218;USD;NA;;GV ClReg. Ampofr.;OFICINA AMPOFRASCA;00-056688;1202009387;Servicios Administrat.;;;KG;0,000;TO;0,000;Alimentos;Fletes;FLETE PROD TERMINADO;0,00000;02;2026;318,00;318,00;0,00;318,00;MME-PULMON;91000036;Precio Base General;;0010001154;17;01;X;20.02.2026 - 22:04:07;;;00120002;1200
ALIMENTOS POLAR COMERCIAL, C.A.;Manufactura;Fact. Nac. Ampo.;7000012151;Inyecto Soplado;Venta Directa;20260205;Zona Metropolitana;3000;ENVASE PET MAYONESA 200 ML;24,000;PAL;202752,000;PZA;1366,80;32803,25;5248,52;38051,77;Factura;Crédito 15 Días;20260220;USD;NA;;GV ClReg. Ampofr.;OFICINA AMPOFRASCA;00-056695;1202009395;Especias;Transparente;200 gr.;G;3902976,000;TO;3,903;Alimentos;AM-Especias;ENVASES PT;0,00000;02;2026;1366,80;32803,25;5248,52;38051,77;MME-PULMON;70000666;Precio Base General;;0010001154;17;01;X;20.02.2026 - 22:04:07;;;00120002;1200
ALIMENTOS POLAR COMERCIAL, C.A.;Manufactura;Fact. Nac. Ampo.;7000012152;Servicios;Venta Directa;20260205;Zona Metropolitana;;FLETE POR VIAJE CORTINERO;1,000;SER;1,000;SER;318,00;318,00;0,00;318,00;Factura;Crédito 15 Días;20260220;USD;NA;;GV ClReg. Ampofr.;OFICINA AMPOFRASCA;00-056696;1202009387;Servicios Administrat.;;;KG;0,000;TO;0,000;Alimentos;Fletes;FLETE PROD TERMINADO;0,00000;02;2026;318,00;318,00;0,00;318,00;MME-PULMON;91000036;Precio Base General;;0010001154;17;01;X;20.02.2026 - 22:04:07;;;00120002;1200
ALIMENTOS POLAR COMERCIAL, C.A.;Manufactura;Fact. Nac. Ampo.;7000012157;Inyecto Soplado;Venta Directa;20260207;Zona Metropolitana;3000;ENVASE PET MAYONESA 200 ML;24,000;PAL;202752,000;PZA;1411,49;33875,80;5420,13;39295,93;Factura;Crédito 15 Días;20260222;USD;NA;;GV ClReg. Ampofr.;OFICINA AMPOFRASCA;00-056701;1202009398;Especias;Transparente;200 gr.;G;3902976,000;TO;3,903;Alimentos;AM-Especias;ENVASES PT;0,00000;02;2026;1411,49;33875,80;5420,13;39295,93;GUACARA;70000666;Precio Base General;;0010001154;17;01;X;20.02.2026 - 22:04:07;;;00120002;1200
ALIMENTOS POLAR COMERCIAL, C.A.;Manufactura;Fact. Nac. Ampo.;7000012158;Servicios;Venta Directa;20260207;Zona Metropolitana;;FLETE POR VIAJE CORTINERO;1,000;SER;1,000;SER;318,00;318,00;0,00;318,00;Factura;Crédito 15 Días;20260222;USD;NA;;GV ClReg. Ampofr.;OFICINA AMPOFRASCA;00-056702;1202009387;Servicios Administrat.;;;KG;0,000;TO;0,000;Alimentos;Fletes;FLETE PROD TERMINADO;0,00000;02;2026;318,00;318,00;0,00;318,00;MME-PULMON;91000036;Precio Base General;;0010001154;17;01;X;20.02.2026 - 22:04:07;;;00120002;1200
ALIMENTOS POLAR COMERCIAL, C.A.;Manufactura;Fact. Nac. Ampo.;7000012161;Inyecto Soplado;Venta Directa;20260209;Zona Metropolitana;3000;ENVASE PET MAYONESA 200 ML;24,000;PAL;202752,000;PZA;1354,21;32501,15;5200,18;37701,33;Factura;Crédito 15 Días;20260224;USD;NA;;GV ClReg. Ampofr.;OFICINA AMPOFRASCA;00-056707;1202009401;Especias;Transparente;200 gr.;G;3902976,000;TO;3,903;Alimentos;AM-Especias;ENVASES PT;0,00000;02;2026;1354,21;32501,15;5200,18;37701,33;MME-PULMON;70000666;Precio Base General;;0010001154;17;01;X;20.02.2026 - 22:04:07;;;00120002;1200
ALIMENTOS POLAR COMERCIAL, C.A.;Manufactura;Fact. Nac. Ampo.;7000012162;Servicios;Venta Directa;20260209;Zona Metropolitana;;FLETE POR VIAJE CORTINERO;1,000;SER;1,000;SER;318,00;318,00;0,00;318,00;Factura;Crédito 15 Días;20260224;USD;NA;;GV ClReg. Ampofr.;OFICINA AMPOFRASCA;00-056708;1202009387;Servicios Administrat.;;;KG;0,000;TO;0,000;Alimentos;Fletes;FLETE PROD TERMINADO;0,00000;02;2026;318,00;318,00;0,00;318,00;MME-PULMON;91000036;Precio Base General;;0010001154;17;01;X;20.02.2026 - 22:04:07;;;00120002;1200
ALIMENTOS POLAR COMERCIAL, C.A.;Manufactura;Fact. Nac. Ampo.;7000012167;Inyecto Soplado;Venta Directa;20260210;Zona Metropolitana;3000;ENVASE PET MAYONESA 200 ML;17,000;PAL;143616,000;PZA;1354,21;23021,64;3683,46;26705,10;Factura;Crédito 15 Días;20260225;USD;NA;;GV ClReg. Ampofr.;OFICINA AMPOFRASCA;00-056714;1202009401;Especias;Transparente;200 gr.;G;2764608,000;TO;2,765;Alimentos;AM-Especias;ENVASES PT;0,00000;02;2026;1354,21;23021,64;3683,46;26705,10;MME-PULMON;70000666;Precio Base General;;0010001154;17;01;X;20.02.2026 - 22:04:07;;;00120002;1200
ALIMENTOS POLAR COMERCIAL, C.A.;Manufactura;Fact. Nac. Ampo.;7000012168;Inyecto Soplado;Venta Directa;20260210;Zona Metropolitana;3000;ENVASE LIMPIEZA 500ml (P) 27,90g;8448,000;PZA;8448,000;PZA;0,20;1726,10;276,18;2002,28;Factura;Crédito 15 Días;20260225;USD;NA;;GV ClReg. Ampofr.;OFICINA AMPOFRASCA;00-056715;1202009405;Limpiadores;;;G;235699,200;TO;0,236;Alimentos;AM-Env. Plásticos;ENVASES PT;0,00000;02;2026;0,20;1726,10;276,18;2002,28;MME-PULMON;70000621;Precio Base General;;0010001154;17;01;X;20.02.2026 - 22:04:07;;;00120002;1200
ALIMENTOS POLAR COMERCIAL, C.A.;Manufactura;Fact. Nac. Ampo.;7000012169;Servicios;Venta Directa;20260210;Zona Metropolitana;;FLETE POR VIAJE CORTINERO;1,000;SER;1,000;SER;318,00;318,00;0,00;318,00;Factura;Crédito 15 Días;20260225;USD;NA;;GV ClReg. Ampofr.;OFICINA AMPOFRASCA;00-056716;1202009387;Servicios Administrat.;;;KG;0,000;TO;0,000;Alimentos;Fletes;FLETE PROD TERMINADO;0,00000;02;2026;318,00;318,00;0,00;318,00;MME-PULMON;91000036;Precio Base General;;0010001154;17;01;X;20.02.2026 - 22:04:07;;;00120002;1200
ALIMENTOS POLAR COMERCIAL, C.A.;Manufactura;Fact. Nac. Ampo.;7000012175;Inyecto Soplado;Venta Directa;20260212;Zona Metropolitana;3000;ENVASE PET MAYONESA 200 ML;23,000;PAL;194304,000;PZA;1354,21;31146,93;4983,51;36130,44;Factura;Crédito 15 Días;20260227;USD;NA;;GV ClReg. Ampofr.;OFICINA AMPOFRASCA;00-056726;1202009401;Especias;Transparente;200 gr.;G;3740352,000;TO;3,740;Alimentos;AM-Especias;ENVASES PT;0,00000;02;2026;1354,21;31146,93;4983,51;36130,44;MME-PULMON;70000666;Precio Base General;;0010001154;17;01;X;20.02.2026 - 22:04:07;;;00120002;1200
ALIMENTOS POLAR COMERCIAL, C.A.;Manufactura;Fact. Nac. Ampo.;7000012176;Servicios;Venta Directa;20260212;Zona Metropolitana;;FLETE POR VIAJE CORTINERO;1,000;SER;1,000;SER;318,00;318,00;0,00;318,00;Factura;Crédito 15 Días;20260227;USD;NA;;GV ClReg. Ampofr.;OFICINA AMPOFRASCA;00-056727;1202009387;Servicios Administrat.;;;KG;0,000;TO;0,000;Alimentos;Fletes;FLETE PROD TERMINADO;0,00000;02;2026;318,00;318,00;0,00;318,00;MME-PULMON;91000036;Precio Base General;;0010001154;17;01;X;20.02.2026 - 22:04:07;;;00120002;1200
ALIMENTOS POLAR COMERCIAL, C.A.;Manufactura;Fact. Nac. Ampo.;7000012180;Inyecto Soplado;Venta Directa;20260218;Zona Metropolitana;3000;ENVASE PET MAYONESA 200 ML;24,000;PAL;202752,000;PZA;1263,65;30327,64;4852,42;35180,06;Factura;Crédito 15 Días;20260305;USD;NA;;GV ClReg. Ampofr.;OFICINA AMPOFRASCA;00-056731;1202009412;Especias;Transparente;200 gr.;G;3902976,000;TO;3,903;Alimentos;AM-Especias;ENVASES PT;0,00000;02;2026;1263,65;30327,64;4852,42;35180,06;MME-PULMON;70000666;Precio Base General;;0010001154;17;01;X;20.02.2026 - 22:04:07;;;00120002;1200
ALIMENTOS POLAR COMERCIAL, C.A.;Manufactura;Fact. Nac. Ampo.;7000012181;Inyecto Soplado;Venta Directa;20260218;Zona Metropolitana;3000;ENVASE PET MAYONESA 200 ML;13,000;PAL;109824,000;PZA;1263,65;16427,47;2628,40;19055,87;Factura;Crédito 15 Días;20260305;USD;NA;;GV ClReg. Ampofr.;OFICINA AMPOFRASCA;00-056732;1202009412;Especias;Transparente;200 gr.;G;2114112,000;TO;2,114;Alimentos;AM-Especias;ENVASES PT;0,00000;02;2026;1263,65;16427,47;2628,40;19055,87;MME-PULMON;70000666;Precio Base General;;0010001154;17;01;X;20.02.2026 - 22:04:07;;;00120002;1200
ALIMENTOS POLAR COMERCIAL, C.A.;Manufactura;Fact. Nac. Ampo.;7000012182;Inyecto Soplado;Venta Directa;20260218;Zona Metropolitana;3000;ENVASE LIMPIEZA 500ml (P) 27,90g;10,000;PZA;10,000;PZA;0,19;1,89;0,30;2,19;Factura;Crédito 15 Días;20260305;USD;NA;;GV ClReg. Ampofr.;OFICINA AMPOFRASCA;00-056733;1202009413;Limpiadores;;;G;279,000;TO;0,000;Alimentos;AM-Env. Plásticos;ENVASES PT;0,00000;02;2026;0,19;1,89;0,30;2,19;MME-PULMON;70000621;Precio Base General;;0010001154;17;01;X;20.02.2026 - 22:04:07;;;00120002;1200
ALIMENTOS POLAR COMERCIAL, C.A.;Manufactura;Fact. Nac. Ampo.;7000012183;Servicios;Venta Directa;20260218;Zona Metropolitana;;FLETE POR VIAJE CORTINERO;1,000;SER;1,000;SER;318,00;318,00;0,00;318,00;Factura;Crédito 15 Días;20260305;USD;NA;;GV ClReg. Ampofr.;OFICINA AMPOFRASCA;00-056734;1202009387;Servicios Administrat.;;;KG;0,000;TO;0,000;Alimentos;Fletes;FLETE PROD TERMINADO;0,00000;02;2026;318,00;318,00;0,00;318,00;MME-PULMON;91000036;Precio Base General;;0010001154;17;01;X;20.02.2026 - 22:04:07;;;00120002;1200
ALIMENTOS POLAR COMERCIAL, C.A.;Manufactura;Fact. Nac. Ampo.;7000012184;Servicios;Venta Directa;20260218;Zona Metropolitana;;FLETE POR VIAJE CORTINERO;1,000;SER;1,000;SER;318,00;318,00;0,00;318,00;Factura;Crédito 15 Días;20260305;USD;NA;;GV ClReg. Ampofr.;OFICINA AMPOFRASCA;00-056735;1202009387;Servicios Administrat.;;;KG;0,000;TO;0,000;Alimentos;Fletes;FLETE PROD TERMINADO;0,00000;02;2026;318,00;318,00;0,00;318,00;MME-PULMON;91000036;Precio Base General;;0010001154;17;01;X;20.02.2026 - 22:04:07;;;00120002;1200
ALIMENTOS POLAR COMERCIAL, C.A.;Manufactura;Fact. Nac. Ampo.;7000012185;Inyecto Soplado;Venta Directa;20260218;Zona Metropolitana;3000;ENVASE LIMPIEZA 500ml (P) 27,90g;21110,000;PZA;21110,000;PZA;0,19;3998,66;639,79;4638,45;Factura;Crédito 15 Días;20260305;USD;NA;;GV ClReg. Ampofr.;OFICINA AMPOFRASCA;00-056736;1202009413;Limpiadores;;;G;588969,000;TO;0,589;Alimentos;AM-Env. Plásticos;ENVASES PT;0,00000;02;2026;0,19;3998,66;639,79;4638,45;MME-PULMON;70000621;Precio Base General;;0010001154;17;01;X;20.02.2026 - 22:04:07;;;00120002;1200
ALIMENTOS POLAR COMERCIAL, C.A.;Manufactura;N/C Dev. Nac. Ampo.;7200000778;Inyecto Soplado;Venta Directa;20260209;Zona Metropolitana;3004;ENVASE PET MAYONESA 200 ML;-24,000;PAL;-202752,000;PZA;-1411,49;-33875,80;-5420,13;-39295,93;Abono;Crédito 15 Días;20260224;USD;NA;;GV ClReg. Ampofr.;OFICINA AMPOFRASCA;00-056704;1206000337;Especias;Transparente;200 gr.;G;-3902976,000;TO;-3,903;Alimentos;AM-Especias;ENVASES PT;0,00000;02;2026;-1411,49;-33875,80;-5420,13;-39295,93;GUACARA;70000666;Precio Base General;;0010001154;17;01;X;20.02.2026 - 22:04:07;Z02;Reverso Total De Factura;00120002;1200
ALIMENTOS POLAR COMERCIAL, C.A.;Manufactura;N/C Nac. Ampofrasca;7200000779;Servicios;Venta Directa;20260209;Zona Metropolitana;;FLETE POR VIAJE CORTINERO;0,000;;0,000;;0,00;-318,00;0,00;-318,00;Abono;Crédito 15 Días;20260224;USD;NA;;GV ClReg. Ampofr.;OFICINA AMPOFRASCA;00-056709;1210000324;Servicios Administrat.;;;KG;0,000;TO;0,000;Alimentos;Fletes;FLETE PROD TERMINADO;0,00000;02;2026;0,00;-318,00;0,00;-318,00;MME-PULMON;91000036;Precio Base General;;0010001154;17;01;X;20.02.2026 - 22:04:07;Z02;Reverso Total De Factura;00120002;1200
DERNIER COSMETICS, S.A;Manufactura;Fact. Nac. Ampo.;7000012164;Inyecto Soplado;Venta Directa;20260210;Zona Centro;3000;ENVASE GEL PACK TRANSP TAPA TRANSP;1020,000;PZA;1020,000;PZA;103,43;105494,24;16879,08;122373,32;Factura;Contado;20260210;VED;NA;;GV ClReg. Ampofr.;JORGE REYES;00-056711;1202009403;Tarro Gel Pack;;;G;44880,000;TO;0,045;Cuidado Personal;AM-Env. Plásticos;ENVASES PT;385,27200;02;2026;0,27;273,82;43,81;317,63;DERNIER;70000051;Precio Base General;Cosmetica;0010001194;17;01;X;20.02.2026 - 22:04:07;;;00120005;1200
DERNIER COSMETICS, S.A;Manufactura;N/C Dev. Nac. Ampo.;7200000777;Inyecto Soplado;Venta Directa;20260209;Zona Centro;3000;ENVASE GEL PACK TRANSP TAPA TRANSP;-1020,000;PZA;-1020,000;PZA;-37,18;-37926,15;-6068,18;-43994,33;Abono;Contado;20260209;VED;NA;;GV ClReg. Ampofr.;JORGE REYES;00-056703;1206000338;Tarro Gel Pack;;;G;-44880,000;TO;-0,045;Cuidado Personal;AM-Env. Plásticos;ENVASES PT;382,63180;02;2026;-0,10;-99,12;-15,86;-114,98;DERNIER;70000051;Precio Base General;Cosmetica;0010001194;17;01;X;20.02.2026 - 22:04:07;Z02;Reverso Total De Factura;00120005;1200
AIDA DEL CARMEN DAZA MUJICA;Distribuidores Trad.;Fact. Nac. Ampo.;7000012173;Inyecto Soplado;Venta Directa;20260211;Zona Occidente;3000;ENVASE PET AMBAR FARMA 120 ML (18gr);1170,000;PZA;1170,000;PZA;78,96;92388,62;14782,18;107170,80;Factura;Contado;20260211;VED;NA;;GV ClReg. Ampofr.;JORGE REYES;00-056722;1202009407;Farma S/Impresión;Ambar;120 ml.;G;21060,000;TO;0,021;Comercializadora;AM-Farma;ENVASES PT;388,73940;02;2026;0,20;237,66;38,03;275,69;AIDA;70000667;Precio Base General;Distribuidor;0010001311;17;;N;20.02.2026 - 22:04:07;;;00120005;1200
AIDA DEL CARMEN DAZA MUJICA;Distribuidores Trad.;Fact. Nac. Ampo.;7000012173;Inyecto Soplado;Venta Directa;20260211;Zona Occidente;3000;ENVASE PET AMBAR FARMA 240 ML;1120,000;PZA;1120,000;PZA;100,86;112964,67;18074,35;131039,02;Factura;Contado;20260211;VED;NA;;GV ClReg. Ampofr.;JORGE REYES;00-056722;1202009407;Farma S/Impresión;Ambar;240 ml.;G;25670,400;TO;0,026;Comercializadora;AM-Farma;ENVASES PT;388,73940;02;2026;0,26;290,59;46,49;337,09;AIDA;70000059;Precio Base General;Distribuidor;0010001311;17;;N;20.02.2026 - 22:04:07;;;00120005;1200
INDUSTRIA Y DISTRIBUCION DE;Manufactura;Fact. Nac. Ampo.;7000012178;Inyección Liviana;Venta Directa;20260213;Zona Centro;3000;TAPA FLIP TOP ESPECIAS 5 ORIFICIO VERDE;4000,000;PZA;4000,000;PZA;30,75;122997,16;19679,55;142676,71;Factura;Contado;20260213;VED;NA;;GV ClReg. Ampofr.;HORACIO HERNANDEZ;00-056729;1202009409;Tapa Especie;Blanco;42 gr.;G;27960,000;TO;0,028;Alimentos;AM-Tapas Ampofrasca;TAPAS;393,22160;02;2026;0,08;312,79;50,05;362,84;INDIALCA;70000783;Precio Base General;Cosmetica;0010001765;17;;N;20.02.2026 - 22:04:07;;;00120003;1200
INDUSTRIA Y DISTRIBUCION DE;Manufactura;Fact. Nac. Ampo.;7000012178;Inyecto Soplado;Venta Directa;20260213;Zona Centro;3000;ENVASE PET TRANSP ESPECIAS 200 G;2025,000;PZA;2025,000;PZA;61,85;125246,55;20039,44;145285,99;Factura;Contado;20260213;VED;NA;;GV ClReg. Ampofr.;HORACIO HERNANDEZ;00-056729;1202009409;Especias;Transparente;200 gr.;G;38778,750;TO;0,039;Alimentos;AM-Especias;ENVASES PT;393,22160;02;2026;0,16;318,51;50,96;369,48;INDIALCA;70000082;Precio Base General;Cosmetica;0010001765;17;;N;20.02.2026 - 22:04:07;;;00120003;1200
SOTO GLOBAL GROUP, C.A.;Embotelladoras;Fact. Nac. Ampo.;7000012166;Inyecto Soplado;Venta Directa;20260210;Zona Metropolitana;3000;ENVASE PET AMBAR FARMA  60 ML;6240,000;PZA;6240,000;PZA;55,10;343827,18;55012,35;398839,53;Factura;Contado;20260210;VED;NA;;GV ClReg. Ampofr.;JORGE REYES;00-056713;1202009390;Farma S/Impresión;Ambar;60 ml.;G;87360,000;TO;0,087;Productos De Limpiez;AM-Farma;ENVASES PT;385,27200;02;2026;0,14;892,43;142,79;1035,22;;70000054;Precio Base General;Cosmetica;0010001876;17;;N;20.02.2026 - 22:04:07;;;00120005;1200
LABORATORIO BIOFAR, C.A.;Manufactura;Fact. Nac. Ampo.;7000012160;Inyecto Soplado;Venta Directa;20260209;Zona Metropolitana;3000;ENVASE PET TRANSP FARMA 180 ML;5280,000;PZA;5280,000;PZA;141,77;748555,90;119768,94;868324,84;Factura;Contado;20260209;VED;NA;;GV ClReg. Ampofr.;RAMON DAZA;00-056706;1202009399;Farma S/Impresión;Transparente;180 ml.;G;124396,800;TO;0,124;Comercializadora;AM-Farma;ENVASES PT;382,63180;02;2026;0,37;1956,33;313,01;2269,35;LABORATORIO;70000087;Precio Base General;Farma;0010002148;17;;N;20.02.2026 - 22:04:07;;;00120004;1200
INVERSIONES STYLE COLLECTION, C.A.;Manufactura;Fact. Nac. Ampo.;7000012177;Inyecto Soplado;Venta Directa;20260213;Zona Centro Occid.;3000;ENV.PET TRANSP COSMETIC 200 ML SENSITIVE;20001,000;PZA;20001,000;PZA;95,60;1912101,00;305936,16;2218037,16;Factura;Contado;20260213;VED;NA;;GV ClReg. Ampofr.;JORGE REYES;00-056728;1202009410;Cosmetica Sensitive;Transparente;200 ml.;G;440022,000;TO;0,440;Comercializadora;AM-Cosmética;ENVASES PT;393,22160;02;2026;0,24;4862,66;778,02;5640,68;INVERSIONES STYLE;70000042;Precio Base General;Cosmetica;0010002241;17;;N;20.02.2026 - 22:04:07;;;00120005;1200
INVERSIONES STYLE COLLECTION, C.A.;Manufactura;Fact. Nac. Ampo.;7000012177;Inyecto Soplado;Venta Directa;20260213;Zona Centro Occid.;3000;ENVASE PET TRANSP COSMETIC OVAL 200 ML;10080,000;PZA;10080,000;PZA;102,56;1033757,63;165401,22;1199158,85;Factura;Contado;20260213;VED;NA;;GV ClReg. Ampofr.;JORGE REYES;00-056728;1202009410;Cosmetica Oval;Transparente;200 ml.;G;238896,000;TO;0,239;Comercializadora;AM-Cosmética;ENVASES PT;393,22160;02;2026;0,26;2628,94;420,63;3049,58;INVERSIONES STYLE;70000077;Precio Base General;Cosmetica;0010002241;17;;N;20.02.2026 - 22:04:07;;;00120005;1200
GRUPO KAMY FOOD, C.A;;Fact. Nac. Ampo.;7000012170;Inyección Liviana;Venta Directa;20260210;Zona Centro;3000;TAPA FLIP TOP ESPECIAS 5 ORIFICIO NATURA;2000,000;PZA;2000,000;PZA;29,43;58867,80;9418,85;68286,65;Factura;Contado;20260210;VED;NA;;GV ClReg. Ampofr.;HORACIO HERNANDEZ;00-056717;1202009389;Tapa Especie;Blanco;42 gr.;G;13980,000;TO;0,014;Alimentos;AM-Tapas Ampofrasca;TAPAS;385,27200;02;2026;0,08;152,80;24,45;177,24;GRUPO KAMY;70000785;Precio Base General;Alimentos;0010002484;17;01;X;20.02.2026 - 22:04:07;;;00120003;1200
GRUPO KAMY FOOD, C.A;;Fact. Nac. Ampo.;7000012170;Inyecto Soplado;Venta Directa;20260210;Zona Centro;3000;ENVASE PET TRANSP ESPECIAS 100 G;2100,000;PZA;2100,000;PZA;46,37;97372,23;15579,55;112951,78;Factura;Contado;20260210;VED;NA;;GV ClReg. Ampofr.;HORACIO HERNANDEZ;00-056717;1202009389;Especias;Transparente;100 gr.;G;31500,000;TO;0,032;Alimentos;AM-Especias;ENVASES PT;385,27200;02;2026;0,12;252,74;40,44;293,17;GRUPO KAMY;70000080;Precio Base General;Alimentos;0010002484;17;01;X;20.02.2026 - 22:04:07;;;00120003;1200
GLENNIS YOLANIS PEREZ PEREZ;Manufactura;Fact. Nac. Ampo.;7000012153;Desperdicio;Venta Directa;20260205;Zona Centro;2006;DESPERDICIO ENVASES TRANSPARENTES (SM);185,600;KG;185,600;KG;128,68;23883,01;3821,28;27704,29;Factura;Contado;20260205;VED;NA;;GV ClReg. Ampofr.;OFICINA AMPOFRASCA;00-056697;1202009397;Desperdicios;;;KG;185,600;TO;0,186;Transporte;Desperdicio;BOTELLAS GASEOSAS;378,45820;02;2026;0,34;63,11;10,10;73,20;GLENNIS YOLANIS;30000681;Precio Base General;;0010003052;17;01;X;20.02.2026 - 22:04:07;;;00120002;1200
GLENNIS YOLANIS PEREZ PEREZ;Manufactura;Fact. Nac. Ampo.;7000012179;Desperdicio;Venta Directa;20260213;Zona Centro;2006;DESPERDICIO ENVASES PET TRANSPARENTE;1460,500;KG;1460,500;KG;133,69;195254,25;31240,68;226494,93;Factura;Contado;20260213;VED;NA;;GV ClReg. Ampofr.;OFICINA AMPOFRASCA;00-056730;1202009411;Desperdicios;;;KG;1460,500;TO;1,461;Transporte;Desperdicio;BOTELLAS GASEOSAS;393,22160;02;2026;0,34;496,55;79,45;576,00;GLENNIS YOLANIS;30000003;Precio Base General;;0010003052;17;01;X;20.02.2026 - 22:04:07;;;00120002;1200
GLENNIS YOLANIS PEREZ PEREZ;Manufactura;Fact. Nac. Ampo.;7000012179;Desperdicio;Venta Directa;20260213;Zona Centro;2006;DESPERDICIO ENVASES TRANSPARENTES (SM);324,000;KG;324,000;KG;133,69;43315,56;6930,49;50246,05;Factura;Contado;20260213;VED;NA;;GV ClReg. Ampofr.;OFICINA AMPOFRASCA;00-056730;1202009411;Desperdicios;;;KG;324,000;TO;0,324;Transporte;Desperdicio;BOTELLAS GASEOSAS;393,22160;02;2026;0,34;110,16;17,62;127,78;GLENNIS YOLANIS;30000681;Precio Base General;;0010003052;17;01;X;20.02.2026 - 22:04:07;;;00120002;1200
GLOBAL IMPORT PLAST, C.A.;Manufactura;Fact. Nac. Ampo.;7000012150;Inyecto Soplado;Venta Directa;20260205;Zona Centro;3000;ENVASE PET MAYONESA 500 ML MAQUILA;44352,000;PZA;44352,000;PZA;0,09;3814,27;610,28;4424,55;Factura;Contado;20260205;USD;NA;;GV ClReg. Ampofr.;;00-056694;1202009382;Especias;Transparente;200 gr.;G;1130976,000;TO;1,131;Alimentos;AM-Especias;ENVASES PT;0,00000;02;2026;0,09;3814,27;610,28;4424,55;;70000835;Precio Base General;;0010003630;17;01;X;20.02.2026 - 22:04:07;;;00000000;1200
GLOBAL IMPORT PLAST, C.A.;Manufactura;Fact. Nac. Ampo.;7000012174;Inyecto Soplado;Venta Directa;20260212;Zona Centro;3000;ENVASE PET MAYONESA 500 ML MAQUILA;44352,000;PZA;44352,000;PZA;0,09;3814,27;610,28;4424,55;Factura;Contado;20260212;USD;NA;;GV ClReg. Ampofr.;;00-056725;1202009382;Especias;Transparente;200 gr.;G;1130976,000;TO;1,131;Alimentos;AM-Especias;ENVASES PT;0,00000;02;2026;0,09;3814,27;610,28;4424,55;;70000835;Precio Base General;;0010003630;17;01;X;20.02.2026 - 22:04:07;;;00000000;1200
INVERSIONES VAINYVIC, C.A;Manufactura;Fact. Nac. Ampo.;7000012147;Inyecto Soplado;Venta Directa;20260204;Zona Centro;3000;Envase ADEREZOS 200ml (17,82)Gr;10080,000;PZA;10080,000;PZA;51,86;522746,38;83639,42;606385,80;Factura;Contado;20260204;VED;NA;;GV ClReg. Ampofr.;HORACIO HERNANDEZ;00-056691;1202009385;Cosmetica Cilindrica;Transparente;200 ml.;G;179625,600;TO;0,180;Alimentos;AM-Env. Plásticos;ENVASES PT;375,08250;02;2026;0,14;1393,68;222,99;1616,67;;70000465;Precio Base General;;0010003646;17;;N;20.02.2026 - 22:04:07;;;00120003;1200
LUIS FABIAN SANCHEZ CALDERON;Manufactura;Fact. Nac. Ampo.;7000012140;Inyecto Soplado;Venta Directa;20260203;Zona Andina;3000;ENVASE PET TRANSP ESPECIAS 200 G;1350,000;PZA;1350,000;PZA;0,30;398,25;63,72;461,97;Factura;Contado;20260203;USD;NA;;GV ClReg. Ampofr.;GLISNEIDY ISABEL FARFAR;00-056684;1202009384;Especias;Transparente;200 gr.;G;25852,500;TO;0,026;Alimentos;AM-Especias;ENVASES PT;0,00000;02;2026;0,30;398,25;63,72;461,97;;70000082;Precio Base General;;0010003684;17;01;X;20.02.2026 - 22:04:07;;;00100095;1200
LUIS FABIAN SANCHEZ CALDERON;Manufactura;Fact. Nac. Ampo.;7000012140;Inyección Liviana;Venta Directa;20260203;Zona Andina;3000;TAPA FLIP TOP ESPECIAS 5 ORIFICIO BLANCA;2000,000;PZA;2000,000;PZA;0,20;400,00;64,00;464,00;Factura;Contado;20260203;USD;NA;;GV ClReg. Ampofr.;GLISNEIDY ISABEL FARFAR;00-056684;1202009384;Tapa Especie;Blanco;42 gr.;G;13980,000;TO;0,014;Alimentos;AM-Tapas Ampofrasca;TAPAS;0,00000;02;2026;0,20;400,00;64,00;464,00;;70000784;Precio Base General;;0010003684;17;01;X;20.02.2026 - 22:04:07;;;00100095;1200
PROYECTOS PET, C.A.;Intercompañias;Fact. Interc. Ampof.;7000012163;Inyecto Soplado;Intercompañía;20260210;Zona Centro;2005;CILINDRICO PCO 28mm 400ml (23,00Gr)Ecomm;980,000;PZA;980,000;PZA;22,49;22038,63;3526,18;25564,81;Facturación interna;Contado;20260210;VED;NA;;;;00-056710;4600000536;Cosmetica Cilindrica;Transparente;200 ml.;G;22540,000;TO;0,023;Intercompañia;PP-Botella;ENVASES PT;385,27200;02;2026;0,06;57,20;9,15;66,36;INTERCOMPAÑIA;70000505;Intercompañías;;0040000003;14;01;X;20.02.2026 - 22:04:07;;;00000000;1200
PHARSANA DE VENEZUELA, C. A.;Intercompañias;Fact. Nac. Ampo.;7000012149;Inyección Liviana;Venta Directa;20260205;Zona Centro;3000;TAPA PUSH&PULL AMARILLO (PH);18000,000;PZA;18000,000;PZA;11,28;203004,00;32480,64;235484,64;Factura;Crédito 07 Días;20260212;VED;NA;;GV ClReg. Ampofr.;GLISNEIDY ISABEL FARFAR;00-056693;1202009394;Tapas Push & Pull;Amarillo;Vacío;G;83160,000;TO;0,083;Intercompañia;AM-Tapas Ampofrasca;TAPAS;378,45820;02;2026;0,03;536,40;85,82;622,22;INTERCOMPAÑIA SD;70000424;Intercompañías;Cosmetica;0041000000;14;01;X;20.02.2026 - 22:04:07;;;00100095;1200
PHARSANA DE VENEZUELA, C. A.;Intercompañias;N/C Dev. Nac. Ampo.;7200000781;Inyecto Soplado;Venta Directa;20260211;Zona Centro;3004;ENVASE PET BLANCO COSMETIC OVAL 200 (PH);-9000,000;PZA;-9000,000;PZA;-98,55;-886971,60;-141915,46;-1028887,06;Abono;Crédito 07 Días;20260218;VED;NA;;GV ClReg. Ampofr.;GLISNEIDY ISABEL FARFAR;00-056724;1206000340;Cosmetica Oval;Blanco;100 ml.;G;-219150,000;TO;-0,219;Intercompañia;AM-Cosmética;ENVASES PT;388,73940;02;2026;-0,25;-2281,66;-365,07;-2646,73;INTERCOMPAÑIA SD;70000351;Intercompañías;Cosmetica;0041000000;14;01;X;20.02.2026 - 22:04:07;101;schlechte Qualität;00100095;1200
AMPOLLAS Y FRASCOS VENEZOLANOS, C.A.;Intercompañias;Fact. Mu. Ampo.;7000012159;Inyecto Soplado;Muestra;20260209;Zona Centro;3000;ENVASE LIMPIEZA 500ml  (27,90gr);80,000;PZA;80,000;PZA;12,81;1024,72;163,96;1188,68;Factura;Contado;20260209;VED;NA;;GV ClReg. Ampofr.;;00-056705;1205000146;Limpiadores;;;G;2232,000;TO;0,002;Intercompañia;AM-Env. Plásticos;ENVASES PT;382,63180;02;2026;0,03;2,68;0,43;3,11;INTERCOMPAÑIA SD;70000536;Intercompañías;;0041000002;14;01;X;20.02.2026 - 22:04:07;;;00000000;1200
AMPOLLAS Y FRASCOS VENEZOLANOS, C.A.;Intercompañias;Fact. Mu. Ampo.;7000012159;Inyecto Soplado;Muestra;20260209;Zona Centro;3000;Envase ADEREZOS 275ml (23,00)Gr;108,000;PZA;108,000;PZA;6,99;755,03;120,80;875,83;Factura;Contado;20260209;VED;NA;;GV ClReg. Ampofr.;;00-056705;1205000146;Cosmetica Cilindrica;Transparente;200 ml.;G;2484,000;TO;0,002;Intercompañia;AM-Env. Plásticos;ENVASES PT;382,63180;02;2026;0,02;1,97;0,32;2,29;INTERCOMPAÑIA SD;70000467;Intercompañías;;0041000002;14;01;X;20.02.2026 - 22:04:07;;;00000000;1200
AMPOLLAS Y FRASCOS VENEZOLANOS, C.A.;Intercompañias;Fact. Mu. Ampo.;7000012159;Inyecto Soplado;Muestra;20260209;Zona Centro;3000;ENVASE MULTIUSOS 828ml  (23g);126,000;PZA;126,000;PZA;20,44;2575,94;412,15;2988,09;Factura;Contado;20260209;VED;NA;;GV ClReg. Ampofr.;;00-056705;1205000146;Jugos;Transparente;500 ml.;G;2898,000;TO;0,003;Intercompañia;PP-Botella;ENVASES PT;382,63180;02;2026;0,05;6,73;1,08;7,81;INTERCOMPAÑIA SD;70000808;Intercompañías;;0041000002;14;01;X;20.02.2026 - 22:04:07;;;00000000;1200
